molecule_chembl_id,canonical_smiles,standard_type,standard_value,standard_units,target_chembl_id,target_organism
CHEMBL406146,CC(C)C[C@H](NC(=O)[C@@H](NC(=O)[C@@H](N)CCC(=O)O)C(C)C)C(=O)N[C@@H](Cc1ccccc1)[C@@H](O)C(=O)N[C@@H](CC(=O)O)C(=O)N[C@@H](C)C(=O)N[C@@H](CCC(=O)O)C(=O)N[C@@H](Cc1ccccc1)C(=O)O,IC50,413.0,nM,CHEMBL4822,Homo sapiens
CHEMBL78946,CC(C)C[C@H](NC(=O)[C@H](CC(N)=O)NC(=O)[C@@H](NC(=O)[C@@H](N)CCC(=O)O)C(C)C)[C@@H](O)C[C@@H](C)C(=O)N[C@@H](C)C(=O)N[C@@H](CCC(=O)O)C(=O)N[C@@H](Cc1ccccc1)C(=O)O,IC50,2.0,nM,CHEMBL4822,Homo sapiens
CHEMBL324109,CCC(C)C[C@H](NC(=O)[C@H](CC(C)C)NC(C)=O)[C@@H](O)CC(=O)NC(CCSC)[C@@H](O)CC(=O)N[C@H](C(=O)NCc1ccc(C(=O)O)cc1)C(C)C,IC50,460.0,nM,CHEMBL4822,Homo sapiens
CHEMBL114147,CC(=O)NCC(=O)N[C@@H](Cc1ccccc1)[C@@H](O)CC(=O)N[C@@H](CC1CCCCC1)[C@@H](O)CC(=O)N[C@H](C(=O)NCc1ccc(C(=O)O)cc1)C(C)C,IC50,9000.0,nM,CHEMBL4822,Homo sapiens
CHEMBL419949,CC(=O)N[C@@H](Cc1ccccc1)C(=O)N[C@@H](Cc1ccccc1)[C@@H](O)CC(=O)N[C@@H](CC1CCCCC1)[C@@H](O)CC(=O)N[C@H](C(=O)NCc1ccc(C(=O)O)cc1)C(C)C,IC50,5600.0,nM,CHEMBL4822,Homo sapiens
CHEMBL116826,CCC(C)C[C@H](NC(=O)[C@H](CC(C)C)NC(C)=O)[C@@H](O)CC(=O)NC(CC[S+](C)[O-])[C@@H](O)CC(=O)N[C@H](C(=O)NCc1ccc(C(=O)O)cc1)C(C)C,IC50,34000.0,nM,CHEMBL4822,Homo sapiens
CHEMBL143239,CC(C)[C@H](NC(=O)C[C@H](O)[C@H](Cc1cc(F)cc(F)c1)NC(=O)C(O)c1ccccc1-c1ccccc1)C(=O)Nc1cc(C(=O)O)cc(C(=O)O)c1,IC50,20.0,nM,CHEMBL4822,Homo sapiens
CHEMBL332948,CCC(C)C[C@H](NC(=O)[C@H](CC(C)C)NC(C)=O)[C@@H](O)CC(=O)N[C@@H](Cc1ccccc1)[C@@H](O)CC(=O)N[C@H](C(=O)NCc1ccc(C(=O)O)cc1)C(C)C,IC50,21.0,nM,CHEMBL4822,Homo sapiens
CHEMBL51386,CSCC[C@H](NC(=O)[C@@H](NC(C)=O)C(C)C)C(=O)N[C@@H](CC(C)C)[C@@H](O)CC(=O)N[C@H](C(=O)N[C@@H](C)C(=O)N[C@@H](CCC(=O)O)C(=O)N[C@@H](Cc1ccccc1)C(=O)O)C(C)C,IC50,300.0,nM,CHEMBL4822,Homo sapiens
CHEMBL332260,CC(=O)N[C@@H](CC(C)C)C(=O)N[C@@H](Cc1ccccc1)[C@@H](O)CC(=O)N[C@@H](CC1CCCCC1)[C@@H](O)CC(=O)N[C@H](C(=O)NCc1ccc(C(=O)O)cc1)C(C)C,IC50,50.0,nM,CHEMBL4822,Homo sapiens
CHEMBL2370886,CCC(O)[C@H](NC(=O)[C@@H](N)CCCN)C(=O)N[C@@H](CCC(=O)O)C(=O)N[C@@H](CCC(=O)O)C(=O)N[C@H](C(=O)N[C@@H](CO)C(=O)N[C@@H](CCC(=O)O)C(=O)N[C@H](C(=O)N[C@@H](CCSC)C(=O)N[C@@H](CC(C)C)[C@@H](O)CC(=O)N[C@H](C(=O)N[C@@H](C)C(=O)N[C@@H](CCC(=O)O)C(=O)N[C@@H](Cc1ccccc1)C(=O)O)C(C)C)C(C)C)[C@@H](C)CC,IC50,30.0,nM,CHEMBL4822,Homo sapiens
CHEMBL142715,c1ccc(-c2ccc(COc3ccc4c(c3)CCC(CCN3CCCCC3)C4)cc2)cc1,IC50,350.0,nM,CHEMBL4822,Homo sapiens
CHEMBL326488,CC(C)[C@H](NC(=O)C[C@H](O)[C@H](CC1CCCCC1)NC(=O)C[C@H](O)[C@H](Cc1ccccc1)NC(=O)OC(C)(C)C)C(=O)NCc1ccc(C(=O)O)cc1,IC50,100000.0,nM,CHEMBL4822,Homo sapiens
CHEMBL290001,CSCC[C@H](NC(=O)[C@@H](NC(=O)OC(C)(C)C)C(C)C)C(=O)N[C@@H](CC(C)C)[C@@H](O)C[C@@H](C)C(=O)N[C@H](C(=O)NCc1ccccc1)C(C)C,IC50,2.0,nM,CHEMBL4822,Homo sapiens
CHEMBL324122,CC(=O)N[C@@H](CCC(=O)O)C(=O)N[C@@H](Cc1ccccc1)[C@@H](O)CC(=O)N[C@@H](CC1CCCCC1)[C@@H](O)CC(=O)N[C@H](C(=O)NCc1ccc(C(=O)O)cc1)C(C)C,IC50,42000.0,nM,CHEMBL4822,Homo sapiens
CHEMBL114169,CC(C)[C@H](NC(=O)C[C@H](O)[C@H](CC1CCCCC1)NC(=O)C[C@H](O)[C@H](Cc1ccccc1)NC(=O)[C@@H]1CCCN1)C(=O)NCc1ccc(C(=O)O)cc1,IC50,1300.0,nM,CHEMBL4822,Homo sapiens
CHEMBL143687,COC(=O)c1cc(NC(=O)[C@@H](NC(=O)C[C@H](O)[C@H](Cc2cc(F)cc(F)c2)NC(=O)C(O)c2ccccc2-c2ccccc2)C(C)C)cc(C(=O)OC)c1,IC50,120.0,nM,CHEMBL4822,Homo sapiens
CHEMBL309438,CCC(C)C[C@H](NC(=O)C[C@H](O)[C@H](Cc1ccccc1)NC(=O)[C@H](CC(C)C)NC(C)=O)[C@@H](O)CC(=O)N[C@H](C(=O)NCc1ccc(C(=O)O)cc1)C(C)C,IC50,650.0,nM,CHEMBL4822,Homo sapiens
CHEMBL332713,CC(C)[C@H](NC(=O)C[C@H](O)[C@H](CC1CCCCC1)NC(=O)C[C@H](O)[C@@H](N)Cc1ccccc1)C(=O)NCc1ccc(C(=O)O)cc1,IC50,100000.0,nM,CHEMBL4822,Homo sapiens
CHEMBL82270,CC(C)[C@H](F)C(=O)N[C@@H](C)C(=O)N[C@@H](Cc1ccccc1)[C@@H](O)C[C@@H](C)C(=O)N[C@H](C(=O)NCc1ccncc1)C(C)C,IC50,1130.0,nM,CHEMBL4822,Homo sapiens
CHEMBL138386,CC(C)[C@H](N)C(=O)N[C@@H](C)C(=O)N[C@@H](Cc1ccccc1)[C@@H](O)C[C@@H](C)C(=O)N[C@H](C(=O)NCc1ccncc1)C(C)C,IC50,190.0,nM,CHEMBL4822,Homo sapiens
CHEMBL432560,CC[C@H](C)[C@H](O)C(=O)N[C@@H](CCC(F)F)C(=O)N[C@@H](Cc1ccccc1)[C@@H](O)C[C@@H](CCC(F)F)C(=O)N[C@H](C(=O)NCc1ccncc1)C(C)C,IC50,45.0,nM,CHEMBL4822,Homo sapiens
CHEMBL84835,CC(C)CC(=O)N[C@@H](C)C(=O)N[C@@H](Cc1ccccc1)[C@@H](O)C[C@@H](C)C(=O)N[C@H](C(=O)NCc1ccncc1)C(C)C,IC50,1740.0,nM,CHEMBL4822,Homo sapiens
CHEMBL316181,CC(C)[C@H](O)C(=O)N[C@@H](C)C(=O)N[C@@H](Cc1ccccc1)[C@@H](O)C[C@@H](C)C(=O)N[C@H](C(=O)NCc1ccccc1)C(C)C,IC50,37.0,nM,CHEMBL4822,Homo sapiens
CHEMBL84022,CC(C)[C@H](NC(=O)[C@H](C)C[C@H](O)[C@H](Cc1ccccc1)NC(=O)[C@H](C)NC(=O)[C@@H](O)CC(F)(F)F)C(=O)NCc1ccncc1,IC50,220.0,nM,CHEMBL4822,Homo sapiens
CHEMBL433329,CC[C@H](C)[C@H](O)C(=O)N[C@@H](CCCF)C(=O)N[C@@H](Cc1ccccc1)[C@@H](O)C[C@@H](CCCF)C(=O)N[C@H](C(=O)NCc1ccncc1)C(C)C,IC50,67.0,nM,CHEMBL4822,Homo sapiens
CHEMBL82102,CC(C)C[C@H](O)C(=O)N[C@@H](C)C(=O)N[C@@H](Cc1ccccc1)[C@@H](O)C[C@@H](C)C(=O)N[C@H](C(=O)NCc1ccncc1)C(C)C,IC50,230.0,nM,CHEMBL4822,Homo sapiens
CHEMBL84249,CC[C@H](C[C@H](O)[C@H](Cc1ccccc1)NC(=O)[C@H](C)NC(=O)[C@@H](O)C(C)C)C(=O)N[C@H](C(=O)N[C@@H](C)c1ccccc1)C(C)C,IC50,60.0,nM,CHEMBL4822,Homo sapiens
CHEMBL81671,CC(C)[C@H](NC(=O)OC(C)(C)C)C(=O)N[C@@H](C)C(=O)N[C@@H](Cc1ccccc1)[C@@H](O)C[C@@H](C)C(=O)N[C@H](C(=O)NCc1ccncc1)C(C)C,IC50,82.0,nM,CHEMBL4822,Homo sapiens
CHEMBL312058,CC(C)[C@H](O)C(=O)N[C@@H](C)C(=O)N[C@@H](Cc1ccccc1)[C@@H](O)C[C@@H](C)C(=O)N[C@H](C(=O)NCc1ccncc1)C(C)C,IC50,130.0,nM,CHEMBL4822,Homo sapiens
CHEMBL1790644,CC[C@H](C)[C@H](O)C(=O)N[C@@H](C)C(=O)N[C@@H](Cc1ccccc1)[C@@H](O)C[C@@H](C)C(=O)N[C@H](C(=O)NCc1ccncc1)C(C)C,IC50,35.0,nM,CHEMBL4822,Homo sapiens
CHEMBL33724,CC(C)[C@H](O)C(=O)N[C@@H](CO)C(=O)N[C@@H](Cc1ccccc1)[C@@H](O)C[C@@H](C)C(=O)N[C@H](C(=O)NCc1ccncc1)C(C)C,IC50,350.0,nM,CHEMBL4822,Homo sapiens
CHEMBL85378,CC(C)[C@H](O)C(=O)N[C@@H](COC(C)(C)C)C(=O)N[C@@H](Cc1ccccc1)[C@@H](O)C[C@@H](C)C(=O)N[C@H](C(=O)NCc1ccncc1)C(C)C,IC50,4490.0,nM,CHEMBL4822,Homo sapiens
CHEMBL312956,CC(C)[C@H](O)C(=O)N[C@H](C(=O)N[C@@H](Cc1ccccc1)[C@@H](O)C[C@@H](C)C(=O)N[C@H](C(=O)NCc1ccncc1)C(C)C)C(C)C,IC50,4640.0,nM,CHEMBL4822,Homo sapiens
CHEMBL84834,CCC[C@H](NC(=O)[C@@H](O)C(C)C)C(=O)N[C@@H](Cc1ccccc1)[C@@H](O)C[C@@H](C)C(=O)N[C@H](C(=O)NCc1ccncc1)C(C)C,IC50,550.0,nM,CHEMBL4822,Homo sapiens
CHEMBL82352,CSCC[C@H](NC(=O)[C@@H](O)C(C)C)C(=O)N[C@@H](Cc1ccccc1)[C@@H](O)C[C@@H](C)C(=O)N[C@H](C(=O)NCc1ccncc1)C(C)C,IC50,350.0,nM,CHEMBL4822,Homo sapiens
CHEMBL280244,CC[C@H](C)[C@H](O)C(=O)N[C@@H](CC(C)C)C(=O)N[C@@H](Cc1ccccc1)[C@@H](O)C[C@@H](CC(C)C)C(=O)N[C@H](C(=O)NCc1ccncc1)C(C)C,IC50,176.0,nM,CHEMBL4822,Homo sapiens
CHEMBL82504,CC[C@H](C[C@H](O)[C@H](Cc1ccccc1)NC(=O)[C@H](C)NC(=O)[C@@H](O)C(C)C)C(=O)N[C@H](C(=O)N[C@H](C)c1ccccc1)C(C)C,IC50,100.0,nM,CHEMBL4822,Homo sapiens
CHEMBL85379,CC[C@H](C)[C@H](O)C(=O)N[C@@H](CC(F)F)C(=O)N[C@@H](Cc1ccccc1)[C@@H](O)C[C@@H](CC(F)F)C(=O)N[C@H](C(=O)NCc1ccncc1)C(C)C,IC50,3180.0,nM,CHEMBL4822,Homo sapiens
CHEMBL2114169,CC(C)[C@H](NC(=O)OC(C)(C)C)C(=O)N[C@H](C)C(=O)N[C@@H](Cc1ccccc1)[C@@H](O)C[C@@H](C)C(=O)N[C@H](C(=O)NCc1ccncc1)C(C)C,IC50,1058.0,nM,CHEMBL4822,Homo sapiens
CHEMBL81037,CCC[C@H](NC(=O)OC(C)(C)C)C(=O)N[C@@H](CCSC)C(=O)N[C@@H](Cc1ccccc1)[C@@H](O)C[C@@H](C)C(=O)N[C@H](C(=O)NCc1ccncc1)C(C)C,IC50,60.0,nM,CHEMBL4822,Homo sapiens
CHEMBL78781,CCC[C@H](NC(=O)OC(C)(C)C)C(=O)N[C@@H](C)C(=O)N[C@@H](Cc1ccccc1)[C@@H](O)C[C@@H](C)C(=O)N[C@H](C(=O)NCc1ccncc1)C(C)C,IC50,41.0,nM,CHEMBL4822,Homo sapiens
CHEMBL81490,CC(C)[C@H](NC(=O)[C@H](C)C[C@H](O)[C@H](Cc1ccccc1)NC(=O)[C@H](C)NC(=O)[C@H](CC(F)F)NC(=O)OC(C)(C)C)C(=O)NCc1ccncc1,IC50,45.0,nM,CHEMBL4822,Homo sapiens
CHEMBL82593,COCC[C@H](NC(=O)OC(C)(C)C)C(=O)N[C@@H](C)C(=O)N[C@@H](Cc1ccccc1)[C@@H](O)C[C@@H](C)C(=O)N[C@H](C(=O)NCc1ccncc1)C(C)C,IC50,705.0,nM,CHEMBL4822,Homo sapiens
CHEMBL78459,CC[C@H](NC(=O)OC(C)(C)C)C(=O)N[C@@H](C)C(=O)N[C@@H](Cc1ccccc1)[C@@H](O)C[C@@H](C)C(=O)N[C@H](C(=O)NCc1ccncc1)C(C)C,IC50,75.0,nM,CHEMBL4822,Homo sapiens
CHEMBL81518,CC(C)[C@H](NC(=O)[C@H](C)C[C@H](O)[C@H](Cc1ccccc1)NC(=O)[C@H](C)NC(=O)[C@H](CCN(C)C)NC(=O)OC(C)(C)C)C(=O)NCc1ccncc1,IC50,89000.0,nM,CHEMBL4822,Homo sapiens
CHEMBL309884,CC(C)C[C@H](NC(=O)OC(C)(C)C)C(=O)N[C@@H](C)C(=O)N[C@@H](Cc1ccccc1)[C@@H](O)C[C@@H](C)C(=O)N[C@H](C(=O)NCc1ccncc1)C(C)C,IC50,63.0,nM,CHEMBL4822,Homo sapiens
CHEMBL310452,CSCC[C@H](NC(=O)[C@@H](NC(=O)OC(C)(C)C)C(C)C)C(=O)N[C@@H](Cc1ccccc1)[C@@H](O)C[C@@H](C)C(=O)N[C@H](C(=O)NCc1ccncc1)C(C)C,IC50,70.0,nM,CHEMBL4822,Homo sapiens
CHEMBL311262,CC(C)[C@H](NC(=O)[C@@H](N)CCC(=O)O)C(=O)N[C@@H](CC(N)=O)C(=O)N[C@@H](CC1CCCCC1)[C@@H](O)C[C@H](C(=O)N[C@H](C)C(=O)N[C@H](CCC(=O)O)C(=O)N[C@H](Cc1ccccc1)C(=O)O)C(C)(C)O,IC50,49.0,nM,CHEMBL4822,Homo sapiens
CHEMBL314014,COCC[C@H](NC(=O)[C@@H](NC(=O)OC(C)(C)C)C(C)C)C(=O)N[C@@H](Cc1ccccc1)[C@@H](O)C[C@@H](C)C(=O)N[C@H](C(=O)NCc1ccncc1)C(C)C,IC50,127.0,nM,CHEMBL4822,Homo sapiens
CHEMBL1790594,CC[C@@H](C)[C@H](NC(=O)OC(C)(C)C)C(=O)N[C@@H](C)C(=O)N[C@@H](Cc1ccccc1)[C@@H](O)C[C@@H](C)C(=O)N[C@H](C(=O)NCc1ccncc1)C(C)C,IC50,42.0,nM,CHEMBL4822,Homo sapiens
CHEMBL82607,CC(C)[C@H](NC(=O)[C@H](C)C[C@H](O)[C@H](Cc1ccccc1)NC(=O)[C@H](C)NC(=O)[C@H](CC(F)(F)C(F)F)NC(=O)OC(C)(C)C)C(=O)NCc1ccncc1,IC50,281.0,nM,CHEMBL4822,Homo sapiens
CHEMBL309296,CC(C)[C@H](NC(=O)[C@H](C)C[C@H](O)[C@H](Cc1ccccc1)NC(=O)[C@H](C)NC(=O)[C@H](CCCC(F)(F)F)NC(=O)OC(C)(C)C)C(=O)NCc1ccncc1,IC50,419.0,nM,CHEMBL4822,Homo sapiens
CHEMBL312277,CSCC[C@H](NC(=O)[C@@H](NC(=O)OC(C)(C)C)C(C)C)C(=O)N[C@@H](Cc1ccccc1)[C@@H](O)C[C@@H](C)C(=O)N[C@H](C(=O)NCc1ccccc1)C(C)C,IC50,28.0,nM,CHEMBL4822,Homo sapiens
CHEMBL82594,COC[C@H](NC(=O)OC(C)(C)C)C(=O)N[C@@H](C)C(=O)N[C@@H](Cc1ccccc1)[C@@H](O)C[C@@H](C)C(=O)N[C@H](C(=O)NCc1ccncc1)C(C)C,IC50,118.0,nM,CHEMBL4822,Homo sapiens
CHEMBL81218,CC(C)[C@H](NC(=O)[C@H](C)C[C@H](O)[C@H](Cc1ccccc1)NC(=O)[C@H](C)NC(=O)[C@H](CN(C)C)NC(=O)OC(C)(C)C)C(=O)NCc1ccncc1,IC50,2530.0,nM,CHEMBL4822,Homo sapiens
CHEMBL2370116,CC(C)C[C@H](NC(=O)[C@H](CC(N)=O)NC(=O)[C@@H](NC(=O)[C@@H](N)CCC(=O)O)C(C)C)C(O)CC(=O)N[C@H](C(=O)N[C@@H](C)C(=O)N[C@@H](CCC(=O)O)C(=O)N[C@@H](Cc1ccccc1)C(=O)O)C(C)C,IC50,40.0,nM,CHEMBL4822,Homo sapiens
CHEMBL2370107,CSCC[C@H](NC(=O)[C@@H](NC(C)=O)C(C)C)C(=O)N[C@@H](CC(C)C)C(O)CC(=O)N[C@H](C(=O)N[C@@H](C)C(=O)N[C@@H](CCC(=O)O)C(=O)N[C@@H](C)C(=O)O)C(C)C,IC50,1200.0,nM,CHEMBL4822,Homo sapiens
CHEMBL2370115,CSCC[C@H](NC(=O)[C@@H](NC(C)=O)C(C)C)C(=O)N[C@@H](CC(C)C)C(O)CC(=O)N[C@H](C(=O)N[C@@H](C)C(=O)N[C@@H](CCC(=O)O)C(=O)N[C@@H](C)C(=O)O)C(C)(C)C,IC50,20000.0,nM,CHEMBL4822,Homo sapiens
CHEMBL327386,CSCC[C@H](NC(=O)[C@@H](NC(C)=O)C(C)C)C(=O)NC(CC(C)C)C(O)CC(=O)N[C@H](C(=O)N[C@@H](C)C(=O)N[C@@H](CCC(=O)O)C(=O)O)C(C)C,IC50,1000.0,nM,CHEMBL4822,Homo sapiens
CHEMBL2370123,CC[C@H](C)[C@H](NC(=O)[C@H](CCC(=O)O)NC(=O)[C@H](CCC(=O)O)NC(=O)[C@@H](NC(=O)[C@@H](N)CCCCN)[C@@H](C)O)C(=O)N[C@@H](CO)C(=O)N[C@@H](CCC(=O)O)C(=O)N[C@H](C(=O)N[C@@H](CC(N)=O)C(=O)N[C@@H](CC(C)C)[C@H](CC(=O)N[C@@H](CC(=O)O)C(=O)N[C@@H](C)C(=O)N[C@@H](CCC(=O)O)C(=O)N[C@@H](Cc1ccccc1)C(=O)O)OC(C)=O)C(C)C,IC50,200000.0,nM,CHEMBL4822,Homo sapiens
CHEMBL89118,CSCC[C@H](NC(=O)[C@@H](NC(C)=O)C(C)C)C(=O)N[C@@H](CC1CCCCC1)C(O)CC(=O)N[C@H](C(=O)N[C@@H](C)C(=O)N[C@@H](CCC(=O)O)C(=O)N[C@@H](Cc1ccccc1)C(=O)O)C(C)C,IC50,5000.0,nM,CHEMBL4822,Homo sapiens
CHEMBL405443,CC[C@H](C)[C@H](NC(=O)[C@H](CCC(=O)O)NC(=O)[C@H](CCC(=O)O)NC(=O)[C@@H](NC(=O)[C@H](CCCCN)NC(=O)[C@@H](NC(=O)[C@H](CC(N)=O)NC(=O)[C@@H](N)[C@@H](C)O)[C@@H](C)CC)[C@@H](C)O)C(=O)N[C@@H](CO)C(=O)N[C@@H](CCC(=O)O)C(=O)N[C@H](C(=O)N[C@@H](CC(N)=O)C(=O)N[C@H](C(=O)N[C@@H](CC(=O)O)C(=O)N[C@@H](C)C(=O)N[C@@H](CCC(=O)O)C(=O)N[C@@H](Cc1ccccc1)C(=O)N[C@@H](CCCN=C(N)N)C(=O)O)C(C)C)C(C)C,IC50,200000.0,nM,CHEMBL4822,Homo sapiens
CHEMBL406089,CC[C@H](C)[C@H](NC(=O)[C@H](CCC(=O)O)NC(=O)[C@H](CCC(=O)O)NC(=O)[C@@H](NC(=O)[C@H](CCCCN)NC(=O)[C@@H](NC(=O)[C@H](CC(N)=O)NC(=O)[C@@H](N)[C@@H](C)O)[C@@H](C)CC)[C@@H](C)O)C(=O)N[C@@H](CO)C(=O)N[C@@H](CCC(=O)O)C(=O)N[C@H](C(=O)N[C@@H](CC(N)=O)C(=O)N[C@@H](CC(C)C)C(=O)N[C@@H](CCCCN)C(=O)N[C@@H](C)C(=O)N[C@@H](CCC(=O)O)C(=O)N[C@@H](Cc1ccccc1)C(=O)N[C@@H](CCCN=C(N)N)C(=O)O)C(C)C,IC50,40000.0,nM,CHEMBL4822,Homo sapiens
CHEMBL263333,CC[C@H](C)[C@H](NC(=O)[C@H](CCC(=O)O)NC(=O)[C@H](CCC(=O)O)NC(=O)[C@@H](NC(=O)[C@H](CCCCN)NC(=O)[C@@H](NC(=O)[C@H](CC(N)=O)NC(=O)[C@@H](N)[C@@H](C)O)[C@@H](C)CC)[C@@H](C)O)C(=O)N[C@@H](CO)C(=O)N[C@@H](CCC(=O)O)C(=O)N[C@H](C(=O)N[C@@H](CC(N)=O)C(=O)N[C@@H](CC(C)C)C(=O)N[C@@H](Cc1ccccc1)C(=O)N[C@@H](C)C(=O)N[C@@H](CCC(=O)O)C(=O)N[C@@H](Cc1ccccc1)C(=O)N[C@@H](CCCN=C(N)N)C(=O)O)C(C)C,IC50,40000.0,nM,CHEMBL4822,Homo sapiens
CHEMBL2370117,CC(C)C[C@H](NC(=O)[C@H](CC(N)=O)NC(=O)[C@H](C)NC(=O)[C@@H](N)CCC(=O)O)C(O)CC(=O)N[C@H](C(=O)N[C@@H](C)C(=O)N[C@@H](CCC(=O)O)C(=O)N[C@@H](Cc1ccccc1)C(=O)O)C(C)C,IC50,2500.0,nM,CHEMBL4822,Homo sapiens
CHEMBL2370095,CC[C@H](C)[C@H](NC(=O)[C@H](CCC(=O)O)NC(=O)[C@H](CCC(=O)O)NC(=O)[C@@H](NC(=O)[C@@H](N)CCCCN)[C@@H](C)O)C(=O)N[C@@H](CO)C(=O)N[C@@H](CCC(=O)O)C(=O)N[C@H](C(=O)N[C@@H](CC(N)=O)C(=O)N[C@@H](CC(C)C)[C@H](O)CC(=O)N[C@@H](CC(=O)O)C(=O)N[C@@H](C)C(=O)N[C@@H](CCC(=O)O)C(=O)N[C@@H](Cc1ccccc1)C(=O)O)C(C)C,IC50,200000.0,nM,CHEMBL4822,Homo sapiens
CHEMBL2370094,CC(C)C[C@H](NC(=O)[C@H](CC(N)=O)NC(=O)[C@@H](N)C(C)C)C(O)CC(=O)N[C@H](C(=O)N[C@@H](C)C(=O)N[C@@H](CCC(=O)O)C(=O)N[C@@H](Cc1ccccc1)C(=O)O)C(C)C,IC50,9000.0,nM,CHEMBL4822,Homo sapiens
CHEMBL413728,CC[C@H](C)[C@H](NC(=O)[C@H](CCC(=O)O)NC(=O)[C@H](CCC(=O)O)NC(=O)[C@@H](NC(=O)[C@H](CCCCN)NC(=O)[C@@H](NC(=O)[C@H](CC(N)=O)NC(=O)[C@@H](N)[C@@H](C)O)[C@@H](C)CC)[C@@H](C)O)C(=O)N[C@@H](CO)C(=O)N[C@@H](CCC(=O)O)C(=O)N[C@H](C(=O)N[C@@H](CC(N)=O)C(=O)N[C@@H](C)C(=O)N[C@@H](CC(=O)O)C(=O)N[C@@H](C)C(=O)N[C@@H](CCC(=O)O)C(=O)N[C@@H](Cc1ccccc1)C(=O)N[C@@H](CCCN=C(N)N)C(=O)O)C(C)C,IC50,200000.0,nM,CHEMBL4822,Homo sapiens
CHEMBL266203,CC[C@H](C)[C@H](NC(=O)[C@H](CCC(=O)O)NC(=O)[C@H](CCC(=O)O)NC(=O)[C@@H](NC(=O)[C@H](CCCCN)NC(=O)[C@@H](NC(=O)[C@H](CC(N)=O)NC(=O)[C@@H](N)[C@@H](C)O)[C@@H](C)CC)[C@@H](C)O)C(=O)N[C@@H](CO)C(=O)N[C@@H](CCC(=O)O)C(=O)N[C@H](C(=O)N[C@@H](CC(N)=O)C(=O)N[C@@H](Cc1ccccc1)C(=O)N[C@@H](CC(=O)O)C(=O)N[C@@H](C)C(=O)N[C@@H](CCC(=O)O)C(=O)N[C@@H](Cc1ccccc1)C(=O)N[C@@H](CCCN=C(N)N)C(=O)O)C(C)C,IC50,200000.0,nM,CHEMBL4822,Homo sapiens
CHEMBL426153,CC[C@H](C)[C@H](NC(=O)[C@H](CCC(=O)O)NC(=O)[C@H](CCC(=O)O)NC(=O)[C@@H](NC(=O)[C@H](CCCCN)NC(=O)[C@@H](NC(=O)[C@H](CC(N)=O)NC(=O)[C@@H](N)[C@@H](C)O)[C@@H](C)CC)[C@@H](C)O)C(=O)N[C@@H](CO)C(=O)N[C@@H](CCC(=O)O)C(=O)N[C@H](C(=O)N[C@@H](CC(N)=O)C(=O)N[C@@H](Cc1c[nH]cn1)C(=O)N[C@@H](CC(=O)O)C(=O)N[C@@H](C)C(=O)N[C@@H](CCC(=O)O)C(=O)N[C@@H](Cc1ccccc1)C(=O)N[C@@H](CCCN=C(N)N)C(=O)O)C(C)C,IC50,200000.0,nM,CHEMBL4822,Homo sapiens
CHEMBL405808,CC[C@H](C)[C@H](NC(=O)[C@H](CCC(=O)O)NC(=O)[C@H](CCC(=O)O)NC(=O)[C@@H](NC(=O)[C@H](CCCCN)NC(=O)[C@@H](NC(=O)[C@H](CC(N)=O)NC(=O)[C@@H](N)[C@@H](C)O)[C@@H](C)CC)[C@@H](C)O)C(=O)N[C@@H](CO)C(=O)N[C@@H](CCC(=O)O)C(=O)N[C@H](C(=O)N[C@@H](CC(N)=O)C(=O)N[C@@H](CCSC)C(=O)N[C@@H](CC(=O)O)C(=O)N[C@@H](C)C(=O)N[C@@H](CCC(=O)O)C(=O)N[C@@H](Cc1ccccc1)C(=O)N[C@@H](CCCN=C(N)N)C(=O)O)C(C)C,IC50,200000.0,nM,CHEMBL4822,Homo sapiens
CHEMBL2370121,CC[C@H](C)[C@H](NC(=O)[C@H](CCC(=O)O)NC(=O)[C@H](CCC(=O)O)NC(=O)[C@@H](NC(=O)[C@@H](N)CCCCN)[C@@H](C)O)C(=O)N[C@@H](CO)C(=O)N[C@@H](CCC(=O)O)C(=O)N[C@H](C(=O)N[C@@H](CC(N)=O)C(=O)N[C@@H](CC(C)C)[C@@H](O)CC(=O)N[C@@H](C)C(=O)N[C@@H](C)C(=O)N[C@@H](CCC(=O)O)C(=O)N[C@@H](Cc1ccccc1)C(=O)O)C(C)C,IC50,500.0,nM,CHEMBL4822,Homo sapiens
CHEMBL437425,CC[C@H](C)[C@H](NC(=O)[C@H](CCC(=O)O)NC(=O)[C@H](CCC(=O)O)NC(=O)[C@@H](NC(=O)[C@H](CCCCN)NC(=O)[C@@H](NC(=O)[C@H](CC(N)=O)NC(=O)[C@@H](N)[C@@H](C)O)[C@@H](C)CC)[C@@H](C)O)C(=O)N[C@@H](CO)C(=O)N[C@@H](CCC(=O)O)C(=O)N[C@H](C(=O)N[C@@H](CC(N)=O)C(=O)N[C@@H](CC(C)C)C(=O)N[C@@H](CC(=O)O)C(=O)N[C@@H](C)C(=O)N[C@@H](CCC(=O)O)C(=O)N[C@@H](Cc1ccccc1)C(=O)N[C@@H](CCCN=C(N)N)C(=O)O)C(C)C,IC50,200000.0,nM,CHEMBL4822,Homo sapiens
CHEMBL420418,CSCC[C@H](NC(=O)[C@@H](NC(C)=O)C(C)C)C(=O)NC(CC(C)C)C(O)CC(=O)N1CCC[C@@H]1C(=O)N[C@@H](C)C(=O)N[C@@H](CCC(=O)O)C(=O)N[C@@H](Cc1ccccc1)C(=O)O,IC50,200000.0,nM,CHEMBL4822,Homo sapiens
CHEMBL90043,CSCC[C@H](NC(=O)[C@@H](NC(C)=O)C(C)C)C(=O)N[C@@H](CC(C)C)C(O)C[C@H](C(=O)N[C@@H](C)C(=O)N[C@@H](CCC(=O)O)C(=O)N[C@@H](Cc1ccccc1)C(=O)O)C(C)C,IC50,20.0,nM,CHEMBL4822,Homo sapiens
CHEMBL410405,CC[C@H](C)[C@H](NC(=O)[C@H](CCC(=O)O)NC(=O)[C@H](CCC(=O)O)NC(=O)[C@@H](NC(=O)[C@H](CCCCN)NC(=O)[C@@H](NC(=O)[C@H](CC(N)=O)NC(=O)[C@@H](N)[C@@H](C)O)[C@@H](C)CC)[C@@H](C)O)C(=O)N[C@@H](CO)C(=O)N[C@@H](CCC(=O)O)C(=O)N[C@H](C(=O)N[C@@H](CC(N)=O)C(=O)N[C@@H](CCC(=O)O)C(=O)N[C@@H](CC(=O)O)C(=O)N[C@@H](C)C(=O)N[C@@H](CCC(=O)O)C(=O)N[C@@H](Cc1ccccc1)C(=O)N[C@@H](CCCN=C(N)N)C(=O)O)C(C)C,IC50,200000.0,nM,CHEMBL4822,Homo sapiens
CHEMBL89703,CSCC[C@H](NC(=O)[C@@H](NC(C)=O)C(C)C)C(=O)NC(CC(C)C)C(O)CC(=O)N[C@@H](Cc1ccccc1)C(=O)N[C@@H](C)C(=O)N[C@@H](CCC(=O)O)C(=O)N[C@@H](Cc1ccccc1)C(=O)O,IC50,15000.0,nM,CHEMBL4822,Homo sapiens
CHEMBL327545,CSCC[C@H](NC(=O)[C@@H](NC(C)=O)C(C)C)C(=O)NC(CC(C)C)C(O)CC(=O)N[C@H](C(=O)N[C@@H](C)C(=O)O)C(C)C,IC50,100000.0,nM,CHEMBL4822,Homo sapiens
CHEMBL440612,CC[C@H](C)[C@H](NC(=O)[C@H](CCC(=O)O)NC(=O)[C@H](CCC(=O)O)NC(=O)[C@@H](NC(=O)[C@H](CCCCN)NC(=O)[C@@H](NC(=O)[C@H](CC(N)=O)NC(=O)[C@@H](N)[C@@H](C)O)[C@@H](C)CC)[C@@H](C)O)C(=O)N[C@@H](CO)C(=O)N[C@@H](CCC(=O)O)C(=O)N[C@H](C(=O)N[C@@H](CC(N)=O)C(=O)NCC(=O)N[C@@H](CC(=O)O)C(=O)N[C@@H](C)C(=O)N[C@@H](CCC(=O)O)C(=O)N[C@@H](Cc1ccccc1)C(=O)N[C@@H](CCCN=C(N)N)C(=O)O)C(C)C,IC50,200000.0,nM,CHEMBL4822,Homo sapiens
CHEMBL1790741,CSCC[C@H](NC(=O)[C@@H](NC(C)=O)C(C)C)C(=O)NC(CC(C)C)C(O)CC(=O)N[C@H](C(=O)N[C@@H](C)C(=O)N[C@@H](CCC(=O)O)C(=O)N[C@@H](Cc1ccccc1)C(=O)O)[C@H](C)O,IC50,100000.0,nM,CHEMBL4822,Homo sapiens
CHEMBL89773,CC(C)CC(NC(=O)[C@@H](N)CC(N)=O)C(O)CC(=O)N[C@H](C(=O)N[C@@H](C)C(=O)N[C@@H](CCC(=O)O)C(=O)N[C@@H](Cc1ccccc1)C(=O)O)C(C)C,IC50,150000.0,nM,CHEMBL4822,Homo sapiens
CHEMBL89530,CSCC[C@H](NC(=O)[C@@H](NC(C)=O)C(C)C)C(=O)N[C@@H](Cc1ccccc1)C(O)CC(=O)N[C@H](C(=O)N[C@@H](C)C(=O)N[C@@H](CCC(=O)O)C(=O)N[C@@H](Cc1ccccc1)C(=O)O)C(C)C,IC50,500.0,nM,CHEMBL4822,Homo sapiens
CHEMBL2370074,CC[C@H](C)[C@H](NC(=O)[C@H](CCC(=O)O)NC(=O)[C@H](CCC(=O)O)NC(=O)[C@@H](NC(=O)[C@@H](N)CCCCN)[C@@H](C)O)C(=O)N[C@@H](CO)C(=O)N[C@@H](CCC(=O)O)C(=O)N[C@H](C(=O)N[C@@H](CC(N)=O)C(=O)N[C@@H](CC(C)C)[C@@H](O)CC(=O)N[C@@H](CC(=O)O)C(=O)N[C@@H](C)C(=O)N[C@@H](CCC(=O)O)C(=O)N[C@@H](Cc1ccccc1)C(=O)O)C(C)C,IC50,40000.0,nM,CHEMBL4822,Homo sapiens
CHEMBL437918,CC[C@H](C)[C@H](NC(=O)[C@H](CCC(=O)O)NC(=O)[C@H](CCC(=O)O)NC(=O)[C@@H](NC(=O)[C@H](CCCCN)NC(=O)[C@@H](NC(=O)[C@H](CC(N)=O)NC(=O)[C@@H](N)[C@@H](C)O)[C@@H](C)CC)[C@@H](C)O)C(=O)N[C@@H](CO)C(=O)N[C@@H](CCC(=O)O)C(=O)N[C@H](C(=O)N[C@@H](CC(N)=O)C(=O)N[C@@H](CC(C)C)C(=O)NCC(=O)N[C@@H](C)C(=O)N[C@@H](CCC(=O)O)C(=O)N[C@@H](Cc1ccccc1)C(=O)N[C@@H](CCCN=C(N)N)C(=O)O)C(C)C,IC50,119000.0,nM,CHEMBL4822,Homo sapiens
CHEMBL90615,CSCC[C@H](NC(=O)[C@@H](NC(C)=O)C(C)C)C(=O)NC(CC(C)C)C(O)CC(=O)N[C@@H](C)C(=O)N[C@@H](C)C(=O)N[C@@H](CCC(=O)O)C(=O)N[C@@H](Cc1ccccc1)C(=O)O,IC50,5000.0,nM,CHEMBL4822,Homo sapiens
CHEMBL89438,CSCC[C@H](NC(=O)[C@@H](NC(C)=O)C(C)C)C(=O)NC(CC(C)C)C(O)CC(=O)N[C@H](C(=O)O)C(C)C,IC50,100000.0,nM,CHEMBL4822,Homo sapiens
CHEMBL2370096,CSCC[C@H](NC(=O)[C@@H](NC(C)=O)C(C)C)C(=O)N[C@@H](CC(C)C)C(O)CC(=O)N[C@@H](CC(=O)O)C(=O)N[C@@H](C)C(=O)N[C@@H](CCC(=O)O)C(=O)N[C@@H](C)C(=O)O,IC50,100000.0,nM,CHEMBL4822,Homo sapiens
CHEMBL411367,CC[C@H](C)[C@H](NC(=O)[C@H](CCC(=O)O)NC(=O)[C@H](CCC(=O)O)NC(=O)[C@@H](NC(=O)[C@H](CCCCN)NC(=O)[C@@H](NC(=O)[C@H](CC(N)=O)NC(=O)[C@@H](N)[C@@H](C)O)[C@@H](C)CC)[C@@H](C)O)C(=O)N[C@@H](CO)C(=O)N[C@@H](CCC(=O)O)C(=O)N[C@H](C(=O)N[C@@H](CC(N)=O)C(=O)N[C@@H](CCCN=C(N)N)C(=O)N[C@@H](CC(=O)O)C(=O)N[C@@H](C)C(=O)N[C@@H](CCC(=O)O)C(=O)N[C@@H](Cc1ccccc1)C(=O)N[C@@H](CCCN=C(N)N)C(=O)O)C(C)C,IC50,200000.0,nM,CHEMBL4822,Homo sapiens
CHEMBL315706,CC(=O)N[C@H](C(=O)N[C@@H](CC(N)=O)C(=O)NC(CC(C)C)C(O)CC(=O)N[C@H](C(=O)N[C@@H](C)C(=O)N[C@@H](CCC(=O)O)C(=O)N[C@@H](Cc1ccccc1)C(=O)O)C(C)C)C(C)C,IC50,500.0,nM,CHEMBL4822,Homo sapiens
CHEMBL412768,CC[C@H](C)[C@H](NC(=O)[C@H](CCC(=O)O)NC(=O)[C@H](CCC(=O)O)NC(=O)[C@@H](NC(=O)[C@@H](N)CCCCN)[C@@H](C)O)C(=O)N[C@@H](CO)C(=O)N[C@@H](CCC(=O)O)C(=O)N[C@H](C(=O)N[C@@H](CC(N)=O)C(=O)N[C@@H](CC(C)C)[C@@H](O)CC(=O)N[C@H](C(=O)N[C@@H](C)C(=O)N[C@@H](CCC(=O)O)C(=O)N[C@@H](Cc1ccccc1)C(=O)O)C(C)C)C(C)C,IC50,30.0,nM,CHEMBL4822,Homo sapiens
CHEMBL441187,CC[C@H](C)[C@H](NC(=O)[C@H](CCC(=O)O)NC(=O)[C@H](CCC(=O)O)NC(=O)[C@@H](NC(=O)[C@H](CCCCN)NC(=O)[C@@H](NC(=O)[C@H](CC(N)=O)NC(=O)[C@@H](N)[C@@H](C)O)[C@@H](C)CC)[C@@H](C)O)C(=O)N[C@@H](CO)C(=O)N[C@@H](CCC(=O)O)C(=O)N[C@H](C(=O)N[C@@H](CC(N)=O)C(=O)N[C@@H](CC(C)C)C(=O)N[C@H](C(=O)N[C@@H](C)C(=O)N[C@@H](CCC(=O)O)C(=O)N[C@@H](Cc1ccccc1)C(=O)N[C@@H](CCCN=C(N)N)C(=O)O)C(C)C)C(C)C,IC50,3000.0,nM,CHEMBL4822,Homo sapiens
CHEMBL265041,CSCC[C@H](NC(=O)[C@@H](NC(C)=O)C(C)C)C(=O)NC(CC(C)C)C(O)CC(=O)N[C@H](C(=O)N[C@@H](C)C(=O)N[C@@H](CCC(=O)O)C(=O)N[C@@H](Cc1ccccc1)C(=O)O)C(C)C,IC50,300.0,nM,CHEMBL4822,Homo sapiens
CHEMBL2370091,CC[C@H](C)[C@H](NC(=O)[C@H](CCC(=O)O)NC(=O)[C@H](CCC(=O)O)NC(=O)[C@@H](NC(=O)[C@H](CCCCN)NC(=O)[C@@H](NC(=O)[C@H](CC(N)=O)NC(=O)[C@@H](N)[C@@H](C)O)[C@@H](C)CC)[C@@H](C)O)C(=O)N[C@@H](CO)C(=O)N[C@@H](CCC(=O)O)C(=O)N[C@H](C(=O)N[C@@H](CC(N)=O)C(=O)N[C@H](C(=O)N[C@@H](CC(=O)O)C(=O)N[C@@H](C)C(=O)N[C@@H](CCC(=O)O)C(=O)N[C@@H](Cc1ccccc1)C(=O)N[C@@H](CCCN=C(N)N)C(=O)O)[C@@H](C)O)C(C)C,IC50,200000.0,nM,CHEMBL4822,Homo sapiens
CHEMBL2370097,CSCC[C@H](NC(=O)[C@@H](NC(C)=O)C(C)C)C(=O)N[C@@H](CC(C)C)C(O)CC(=O)N[C@H](C(=O)N[C@@H](C)C(=O)N[C@@H](C)C(=O)N[C@@H](Cc1ccccc1)C(=O)O)C(C)C,IC50,2000.0,nM,CHEMBL4822,Homo sapiens
CHEMBL265158,CC[C@H](C)[C@H](NC(=O)[C@H](CCC(=O)O)NC(=O)[C@H](CCC(=O)O)NC(=O)[C@@H](NC(=O)[C@H](CCCCN)NC(=O)[C@@H](NC(=O)[C@H](CC(N)=O)NC(=O)[C@@H](N)[C@@H](C)O)[C@@H](C)CC)[C@@H](C)O)C(=O)N[C@@H](CO)C(=O)N[C@@H](CCC(=O)O)C(=O)N[C@H](C(=O)N[C@@H](CC(N)=O)C(=O)N[C@@H](CC(C)C)C(=O)N[C@@H](CC(C)C)C(=O)N[C@@H](C)C(=O)N[C@@H](CCC(=O)O)C(=O)N[C@@H](Cc1ccccc1)C(=O)N[C@@H](CCCN=C(N)N)C(=O)O)C(C)C,IC50,45000.0,nM,CHEMBL4822,Homo sapiens
CHEMBL427580,CC[C@H](C)[C@H](NC(=O)[C@H](CCC(=O)O)NC(=O)[C@H](CCC(=O)O)NC(=O)[C@@H](NC(=O)[C@H](CCCCN)NC(=O)[C@@H](NC(=O)[C@H](CC(N)=O)NC(=O)[C@@H](N)[C@@H](C)O)[C@@H](C)CC)[C@@H](C)O)C(=O)N[C@@H](CO)C(=O)N[C@@H](CCC(=O)O)C(=O)N[C@H](C(=O)N[C@@H](CC(N)=O)C(=O)N[C@@H](CC(C)C)C(=O)N[C@@H](C)C(=O)N[C@@H](C)C(=O)N[C@@H](CCC(=O)O)C(=O)N[C@@H](Cc1ccccc1)C(=O)N[C@@H](CCCN=C(N)N)C(=O)O)C(C)C,IC50,200000.0,nM,CHEMBL4822,Homo sapiens
CHEMBL2370075,CC[C@H](C)[C@H](NC(=O)[C@H](CCC(=O)O)NC(=O)[C@H](CCC(=O)O)NC(=O)[C@@H](NC(=O)[C@@H](N)CCCCN)[C@@H](C)O)C(=O)N[C@@H](CO)C(=O)N[C@@H](CCC(=O)O)C(=O)N[C@H](C(=O)N[C@@H](CC(N)=O)C(=O)N[C@@H](CC(C)C)[C@@H](O)CC(=O)N[C@@H](CC(=O)O)C(=O)N[C@@H](C)C(=O)N[C@@H](CCC(=O)O)C(=O)N[C@@H](Cc1ccccc1)C(=O)N[C@@H](CCCN=C(N)N)C(=O)O)C(C)C,IC50,60000.0,nM,CHEMBL4822,Homo sapiens
CHEMBL52961,CO[C@](C)(C(=O)NC(CC(C)C)[C@@H](O)CC(=O)N[C@@H](C(=O)N[C@H](C)C(=O)N[C@H](CCC(=O)O)C(=O)N[C@H](Cc1ccccc1)C(=O)O)C(C)C)c1ccccc1,IC50,41000.0,nM,CHEMBL4822,Homo sapiens
CHEMBL49711,CSCC[C@H](NC(=O)[C@@H](NC(=O)OC(C)(C)C)C(C)C)C(=O)NC(CC(C)C)[C@@H](O)CC(=O)N[C@@H](C(=O)NCc1ccccc1)C(C)C,IC50,200000.0,nM,CHEMBL4822,Homo sapiens
CHEMBL52174,COC(=O)CCCNC(=O)[C@H](NC(=O)C[C@H](O)C(CC(C)C)NC(=O)[C@H](CCSC)NC(=O)[C@@H](NC(=O)OC(C)(C)C)C(C)C)C(C)C,IC50,47000.0,nM,CHEMBL4822,Homo sapiens
CHEMBL298147,CC(C)CC(NC(=O)C(O)c1cccc(Oc2ccccc2)c1)[C@@H](O)CC(=O)N[C@@H](C(=O)N[C@H](C)C(=O)N[C@H](CCC(=O)O)C(=O)N[C@H](Cc1ccccc1)C(=O)O)C(C)C,IC50,6000.0,nM,CHEMBL4822,Homo sapiens
CHEMBL51304,CC(C)CC(NC(=O)C(O)c1ccccc1Br)[C@@H](O)CC(=O)N[C@@H](C(=O)N[C@H](C)C(=O)N[C@H](CCC(=O)O)C(=O)N[C@H](Cc1ccccc1)C(=O)O)C(C)C,IC50,3000.0,nM,CHEMBL4822,Homo sapiens
CHEMBL51003,CC(C)CC(NC(=O)CCCOc1ccccc1)[C@@H](O)CC(=O)N[C@@H](C(=O)N[C@H](C)C(=O)N[C@H](CCC(=O)O)C(=O)N[C@H](Cc1ccccc1)C(=O)O)C(C)C,IC50,25000.0,nM,CHEMBL4822,Homo sapiens
CHEMBL50827,CSCC[C@H](NC(=O)[C@@H](NC(=O)OC(C)(C)C)C(C)C)C(=O)NC(CC(C)C)[C@@H](O)CC(=O)N[C@@H](C(=O)NO)C(C)C,IC50,94000.0,nM,CHEMBL4822,Homo sapiens
CHEMBL51779,CC(C)CC(NC(=O)C(O)c1ccccc1Oc1ccccc1)[C@@H](O)CC(=O)N[C@@H](C(=O)N[C@H](C)C(=O)N[C@H](CCC(=O)O)C(=O)N[C@H](Cc1ccccc1)C(=O)O)C(C)C,IC50,14000.0,nM,CHEMBL4822,Homo sapiens
CHEMBL52545,CC(C)CC(NC(=O)[C@@H](O)c1ccccc1)[C@@H](O)CC(=O)N[C@@H](C(=O)N[C@H](C)C(=O)N[C@H](CCC(=O)O)C(=O)N[C@H](Cc1ccccc1)C(=O)O)C(C)C,IC50,17000.0,nM,CHEMBL4822,Homo sapiens
CHEMBL301944,COc1cc(CC(=O)NC(CC(C)C)[C@@H](O)CC(=O)N[C@@H](C(=O)N[C@H](C)C(=O)N[C@H](CCC(=O)O)C(=O)N[C@H](Cc2ccccc2)C(=O)O)C(C)C)cc(OC)c1OC,IC50,94000.0,nM,CHEMBL4822,Homo sapiens
CHEMBL297910,CC(C)CC(NC(=O)C(O)c1cccc2ccccc12)[C@@H](O)CC(=O)N[C@@H](C(=O)N[C@H](C)C(=O)N[C@H](CCC(=O)O)C(=O)N[C@H](Cc1ccccc1)C(=O)O)C(C)C,IC50,4000.0,nM,CHEMBL4822,Homo sapiens
CHEMBL52225,CCCCNC(=O)[C@H](NC(=O)C[C@H](O)C(CC(C)C)NC(=O)[C@H](CCSC)NC(=O)[C@@H](NC(=O)OC(C)(C)C)C(C)C)C(C)C,IC50,200000.0,nM,CHEMBL4822,Homo sapiens
CHEMBL50930,CSCC[C@H](NC(=O)[C@@H](NC(=O)OC(C)(C)C)C(C)C)C(=O)NC(CC(C)C)[C@@H](O)CC(=O)N[C@@H](C(=O)NC1C[C@@H](C(=O)O)C[C@@H](C(=O)O)C1)C(C)C,IC50,300.0,nM,CHEMBL4822,Homo sapiens
CHEMBL300665,CC(C)CC(NC(=O)Cc1ccc(-c2ccccc2)cc1)[C@@H](O)CC(=O)N[C@@H](C(=O)N[C@H](C)C(=O)N[C@H](CCC(=O)O)C(=O)N[C@H](Cc1ccccc1)C(=O)O)C(C)C,IC50,56000.0,nM,CHEMBL4822,Homo sapiens
CHEMBL297739,CC(C)CC(NC(=O)c1ccc2ccccc2c1)[C@@H](O)CC(=O)N[C@@H](C(=O)N[C@H](C)C(=O)N[C@H](CCC(=O)O)C(=O)N[C@H](Cc1ccccc1)C(=O)O)C(C)C,IC50,48000.0,nM,CHEMBL4822,Homo sapiens
CHEMBL299351,CSCC[C@H](NC(=O)[C@@H](NC(=O)OC(C)(C)C)C(C)C)C(=O)NC(CC(C)C)[C@@H](O)CC(=O)N[C@@H](C(=O)NCc1ccncc1)C(C)C,IC50,100000.0,nM,CHEMBL4822,Homo sapiens
CHEMBL51188,CSCC[C@H](NC(=O)[C@@H](NC(=O)OC(C)(C)C)C(C)C)C(=O)NC(CC(C)C)[C@@H](O)CC(=O)N[C@@H](C(=O)NCc1cccc(OCC(=O)O)c1)C(C)C,IC50,5000.0,nM,CHEMBL4822,Homo sapiens
CHEMBL53919,CC(C)CC(NC(=O)Cc1cccc2ccccc12)[C@@H](O)CC(=O)N[C@@H](C(=O)N[C@H](C)C(=O)N[C@H](CCC(=O)O)C(=O)N[C@H](Cc1ccccc1)C(=O)O)C(C)C,IC50,42000.0,nM,CHEMBL4822,Homo sapiens
CHEMBL54083,CC(C)CC(NC(=O)C(O)c1ccccc1OCc1ccccc1)[C@@H](O)CC(=O)N[C@@H](C(=O)N[C@H](C)C(=O)N[C@H](CCC(=O)O)C(=O)N[C@H](Cc1ccccc1)C(=O)O)C(C)C,IC50,11000.0,nM,CHEMBL4822,Homo sapiens
CHEMBL300657,CSCC[C@H](NC(=O)[C@@H](NC(=O)OC(C)(C)C)C(C)C)C(=O)NC(CC(C)C)[C@@H](O)CC(=O)N[C@@H](C(=O)NCc1cccc(C(=O)O)c1)C(C)C,IC50,4000.0,nM,CHEMBL4822,Homo sapiens
CHEMBL297486,CC(C)C[C@H](NC(=O)C(O)c1cccc2ccccc12)[C@@H](O)CC(=O)N[C@H](C(=O)NC1C[C@@H](C(=O)O)C[C@@H](C(=O)O)C1)C(C)C,IC50,3000.0,nM,CHEMBL4822,Homo sapiens
CHEMBL48843,COC(=O)CCCCC(=O)NC(CC(C)C)[C@@H](O)CC(=O)N[C@@H](C(=O)N[C@H](C)C(=O)N[C@H](CCC(=O)O)C(=O)N[C@H](Cc1ccccc1)C(=O)O)C(C)C,IC50,50000.0,nM,CHEMBL4822,Homo sapiens
CHEMBL49989,CC(C)Cc1ccc(C(=O)NC(CC(C)C)[C@@H](O)CC(=O)N[C@@H](C(=O)N[C@H](C)C(=O)N[C@H](CCC(=O)O)C(=O)N[C@H](Cc2ccccc2)C(=O)O)C(C)C)cc1,IC50,28000.0,nM,CHEMBL4822,Homo sapiens
CHEMBL33417,COC(=O)[C@@H]1CC(NC(=O)[C@H](NC(=O)C[C@H](O)C(CC(C)C)NC(=O)[C@H](CCSC)NC(=O)[C@@H](NC(=O)OC(C)(C)C)C(C)C)C(C)C)C[C@H](C(=O)OC)C1,IC50,10000.0,nM,CHEMBL4822,Homo sapiens
CHEMBL53648,CSCC[C@H](NC(=O)[C@@H](NC(=O)OC(C)(C)C)C(C)C)C(=O)NC(CC(C)C)[C@@H](O)CC(=O)N[C@@H](C(=O)NCCCC(=O)O)C(C)C,IC50,47000.0,nM,CHEMBL4822,Homo sapiens
CHEMBL298141,CSCC[C@H](NC(=O)[C@@H](NC(=O)OC(C)(C)C)C(C)C)C(=O)NC(CC(C)C)[C@@H](O)CC(=O)N[C@@H](C(=O)NC1CCCCC1)C(C)C,IC50,200000.0,nM,CHEMBL4822,Homo sapiens
CHEMBL50313,CSCC[C@H](NC(=O)[C@@H](NC(=O)OC(C)(C)C)C(C)C)C(=O)NC(CC(C)C)[C@@H](O)CC(=O)N[C@@H](C(=O)NCc1ccc2c(c1)OCO2)C(C)C,IC50,100000.0,nM,CHEMBL4822,Homo sapiens
CHEMBL53024,CC(C)C[C@H](NC(=O)C(O)c1cccc2ccccc12)[C@@H](O)CC(=O)N[C@H](C(=O)NCc1ccc(C(=O)O)cc1)C(C)C,IC50,50000.0,nM,CHEMBL4822,Homo sapiens
CHEMBL298126,CC(C)CC(NC(=O)Cc1ccccc1)[C@@H](O)CC(=O)N[C@@H](C(=O)N[C@H](C)C(=O)N[C@H](CCC(=O)O)C(=O)N[C@H](Cc1ccccc1)C(=O)O)C(C)C,IC50,130000.0,nM,CHEMBL4822,Homo sapiens
CHEMBL52317,CCCCOc1ccc(C(=O)NC(CC(C)C)[C@@H](O)CC(=O)N[C@@H](C(=O)N[C@H](C)C(=O)N[C@H](CCC(=O)O)C(=O)N[C@H](Cc2ccccc2)C(=O)O)C(C)C)cc1,IC50,27000.0,nM,CHEMBL4822,Homo sapiens
CHEMBL297913,CSCC[C@H](NC(=O)[C@@H](NC(=O)OC(C)(C)C)C(C)C)C(=O)NC(CC(C)C)[C@@H](O)CC(=O)N[C@@H](C(=O)NCc1ccc(C(=O)O)cc1)C(C)C,IC50,4000.0,nM,CHEMBL4822,Homo sapiens
CHEMBL296166,COC(=O)[C@@H]1CC(NC(=O)[C@H](NC(=O)C[C@H](O)[C@@H](Cc2cc(F)cc(F)c2)NC(=O)C(O)c2ccccc2-c2ccccc2)C(C)C)C[C@H](C(=O)OC)C1,IC50,120.0,nM,CHEMBL4822,Homo sapiens
CHEMBL433080,CC(C)CC(NC(=O)Cc1ccc(F)cc1F)[C@@H](O)CC(=O)N[C@@H](C(=O)N[C@H](C)C(=O)N[C@H](CCC(=O)O)C(=O)N[C@H](Cc1ccccc1)C(=O)O)C(C)C,IC50,140000.0,nM,CHEMBL4822,Homo sapiens
CHEMBL301153,CO[C@H](C(=O)NC(CC(C)C)[C@@H](O)CC(=O)N[C@@H](C(=O)N[C@H](C)C(=O)N[C@H](CCC(=O)O)C(=O)N[C@H](Cc1ccccc1)C(=O)O)C(C)C)c1ccccc1,IC50,28000.0,nM,CHEMBL4822,Homo sapiens
CHEMBL54022,CSCC[C@H](NC(=O)[C@@H](NC(=O)OC(C)(C)C)C(C)C)C(=O)NC(CC(C)C)[C@@H](O)CC(=O)N[C@@H](C(=O)NCCC(=O)O)C(C)C,IC50,30000.0,nM,CHEMBL4822,Homo sapiens
CHEMBL49971,CC(C)C[C@H](NC(=O)C(O)c1ccccc1Br)[C@@H](O)CC(=O)N[C@H](C(=O)NCc1ccc(C(=O)O)cc1)C(C)C,IC50,40000.0,nM,CHEMBL4822,Homo sapiens
CHEMBL53668,COC(=O)[C@@H]1CC(NC(=O)[C@@H](NC(=O)C[C@H](O)[C@H](CC(C)C)NC(=O)C(O)c2cccc3ccccc23)C(C)C)C[C@H](C(=O)OC)C1,IC50,140000.0,nM,CHEMBL4822,Homo sapiens
CHEMBL137547,CC(C)C[C@H](NC(=O)[C@H](CC(N)=O)NC(=O)[C@@H](NC(=O)[C@@H](N)CCC(=O)O)C(C)C)[C@@H](O)CC(=O)N[C@H](C(N)=O)C(C)C,IC50,9400.0,nM,CHEMBL4822,Homo sapiens
CHEMBL341944,CC(C)C[C@H](NC(=O)[C@H](CC(N)=O)NC(=O)[C@@H](NC(=O)[C@@H](N)CCC(=O)O)C(C)C)[C@@H](O)CC(N)=O,IC50,91000.0,nM,CHEMBL4822,Homo sapiens
CHEMBL137101,CC(=O)N[C@@H](CC(C)C)C(=O)N[C@@H](C)C(=O)N[C@@H](CC(C)C)[C@@H](O)CC(=O)N[C@H](C(=O)NCc1cccc(C(=O)O)c1)C(C)C,IC50,520.0,nM,CHEMBL4822,Homo sapiens
CHEMBL137755,CC(C)C[C@H](NC(=O)[C@H](CC(N)=O)NC(=O)[C@@H](NC(=O)[C@@H](N)CCC(=O)O)C(C)C)[C@@H](O)CC(=O)N[C@H](C(=O)N[C@@H](C)C(=O)N[C@@H](CCC(=O)O)C(=O)N[C@@H](Cc1ccccc1)C(=O)O)C(C)C,IC50,46.0,nM,CHEMBL4822,Homo sapiens
CHEMBL1791011,CC[C@H](C)[C@H](NC(C)=O)C(=O)N[C@@H](CCSC)C(=O)N[C@@H](CC(C)C)[C@@H](O)CC(=O)N[C@@H](Cc1ccccc1)C(=O)NCc1cccc(C(=O)O)c1,IC50,140.0,nM,CHEMBL4822,Homo sapiens
CHEMBL343563,CSCC[C@H](NC(=O)[C@H](CC(C)C)NC(C)=O)C(=O)N[C@@H](CC(C)C)[C@@H](O)CC(=O)N[C@@H](C(=O)NCc1cccc(C(=O)O)c1)C(C)C,IC50,91000.0,nM,CHEMBL4822,Homo sapiens
CHEMBL1791017,CC[C@H](C)[C@H](NC(=O)C1CCCCO1)C(=O)N[C@@H](C)C(=O)N[C@@H](CC(C)C)[C@@H](O)CC(=O)N[C@H](C(=O)NCc1cccc(C(=O)O)c1)C(C)C,IC50,69.0,nM,CHEMBL4822,Homo sapiens
CHEMBL1791009,CCCC[C@H](NC(=O)C[C@H](O)[C@H](CC(C)C)NC(=O)[C@H](C)NC(=O)[C@@H](NC(C)=O)[C@@H](C)CC)C(=O)NCc1cccc(C(=O)O)c1,IC50,180.0,nM,CHEMBL4822,Homo sapiens
CHEMBL344932,CC(=O)N[C@H](C(=O)N[C@@H](C)C(=O)N[C@@H](CC(C)C)[C@@H](O)CC(=O)N[C@H](C(=O)NCc1cccc(C(=O)O)c1)C(C)C)C(C)C,IC50,3800.0,nM,CHEMBL4822,Homo sapiens
CHEMBL138002,CSCC[C@H](NC(=O)[C@H](CC(C)C)NC(C)=O)C(=O)N[C@@H](CC(C)C)[C@@H](O)CC(=O)N[C@H](C(=O)NCc1cccc(C(=O)O)c1)C(C)C,IC50,890.0,nM,CHEMBL4822,Homo sapiens
CHEMBL1791016,CCC[C@H](NC(=O)C[C@H](O)[C@H](CC(C)C)NC(=O)[C@H](CCSC)NC(=O)[C@@H](NC(C)=O)[C@@H](C)CC)C(=O)NCc1cccc(C(=O)O)c1,IC50,130.0,nM,CHEMBL4822,Homo sapiens
CHEMBL1791021,CC[C@H](C)[C@H](NC(=O)C[C@H](O)[C@H](CC(C)C)NC(=O)[C@H](CCSC)NC(=O)[C@@H](NC(=O)[C@@H](N)CCC(=O)O)C(C)C)C(=O)N[C@@H](C)C(=O)N[C@@H](CCC(=O)O)C(=O)N[C@@H](Cc1ccccc1)C(=O)O,IC50,220.0,nM,CHEMBL4822,Homo sapiens
CHEMBL1791014,CC[C@H](C)[C@H](NC(C)=O)C(=O)N[C@@H](C)C(=O)N[C@@H](CC(C)C)[C@@H](O)CC(=O)N[C@@H](CC(C)C)C(=O)NCc1cccc(C(=O)O)c1,IC50,260.0,nM,CHEMBL4822,Homo sapiens
CHEMBL134730,CSCC[C@H](NC(=O)[C@@H](NC(=O)[C@@H](N)CCC(=O)O)C(C)C)C(=O)N[C@@H](CC(C)C)[C@@H](O)CC(=O)N[C@@H](CC(C)C)C(=O)N[C@@H](C)C(=O)N[C@@H](CCC(=O)O)C(=O)N[C@@H](Cc1ccccc1)C(=O)O,IC50,140.0,nM,CHEMBL4822,Homo sapiens
CHEMBL1791018,CCCC[C@H](NC(=O)C[C@H](O)[C@H](CC(C)C)NC(=O)[C@H](CCSC)NC(=O)[C@@H](NC(C)=O)[C@@H](C)CC)C(=O)NCc1cccc(C(=O)O)c1,IC50,86.0,nM,CHEMBL4822,Homo sapiens
CHEMBL343757,CC(C)C[C@H](NC(=O)[C@H](CC(N)=O)NC(=O)[C@@H](NC(=O)[C@@H](N)CCC(=O)O)C(C)C)[C@@H](O)CC(=O)N[C@H](C(=O)N[C@@H](C)C(=O)N[C@@H](CCC(=O)O)C(N)=O)C(C)C,IC50,110.0,nM,CHEMBL4822,Homo sapiens
CHEMBL136868,CCC[C@H](NC(C)=O)C(=O)N[C@@H](C)C(=O)N[C@@H](CC(C)C)[C@@H](O)CC(=O)N[C@H](C(=O)NCc1cccc(C(=O)O)c1)C(C)C,IC50,830.0,nM,CHEMBL4822,Homo sapiens
CHEMBL334591,CC(=O)N[C@@H](CC(C)C)C(=O)N[C@H](C)C(=O)N[C@@H](CC(C)C)[C@@H](O)CC(=O)N[C@H](C(=O)NCc1cccc(C(=O)O)c1)C(C)C,IC50,91000.0,nM,CHEMBL4822,Homo sapiens
CHEMBL1791010,CC[C@H](C)[C@H](NC(C)=O)C(=O)N[C@@H](CCSC)C(=O)N[C@@H](CC(C)C)[C@@H](O)CC(=O)N[C@@H](Cc1ccc(O)cc1)C(=O)NCc1cccc(C(=O)O)c1,IC50,91.0,nM,CHEMBL4822,Homo sapiens
CHEMBL137614,CC(C)C[C@H](NC(=O)[C@H](CC(N)=O)NC(=O)[C@@H](N)C(C)C)[C@@H](O)CC(=O)N[C@H](C(=O)N[C@@H](C)C(=O)N[C@@H](CCC(=O)O)C(=O)N[C@@H](Cc1ccccc1)C(=O)O)C(C)C,IC50,2000.0,nM,CHEMBL4822,Homo sapiens
CHEMBL137131,CC(C)C[C@H](NC(=O)[C@@H](N)CC(N)=O)[C@@H](O)CC(=O)N[C@H](C(=O)N[C@@H](C)C(=O)N[C@@H](CCC(=O)O)C(=O)N[C@@H](Cc1ccccc1)C(=O)O)C(C)C,IC50,91000.0,nM,CHEMBL4822,Homo sapiens
CHEMBL1791019,CC[C@@H](C)[C@@H](NC(C)=O)C(=O)N[C@@H](C)C(=O)N[C@@H](CC(C)C)[C@@H](O)CC(=O)N[C@H](C(=O)NCc1cccc(C(=O)O)c1)C(C)C,IC50,91000.0,nM,CHEMBL4822,Homo sapiens
CHEMBL1791020,CC[C@H](C)[C@H](NC(C)=O)C(=O)N[C@@H](C)C(=O)N[C@@H](CC(C)C)[C@@H](O)CC(=O)N[C@H](C(=O)NCc1cccc(C(=O)O)c1)C(C)C,IC50,250.0,nM,CHEMBL4822,Homo sapiens
CHEMBL185920,CSCC[C@@H](NC(=O)[C@H](CC(C)C)NC(C)=O)C(=O)N[C@@H](CC(C)C)[C@@H](O)CC(=O)N[C@H](C(=O)NCc1cccc(C(=O)O)c1)C(C)C,IC50,91000.0,nM,CHEMBL4822,Homo sapiens
CHEMBL1791013,CC[C@H](C)[C@H](NC(C)=O)C(=O)N[C@@H](C)C(=O)N[C@@H](CC(C)C)[C@@H](O)CC(=O)N[C@@H](Cc1ccccc1)C(=O)NCc1cccc(C(=O)O)c1,IC50,250.0,nM,CHEMBL4822,Homo sapiens
CHEMBL335277,CC(C)C[C@H](NC(=O)[C@H](C)NC(=O)[C@@H](NC(=O)[C@@H](N)CCC(=O)O)C(C)C)[C@@H](O)CC(=O)N[C@H](C(=O)N[C@@H](C)C(=O)N[C@@H](CCC(=O)O)C(=O)N[C@@H](Cc1ccccc1)C(=O)O)C(C)C,IC50,110.0,nM,CHEMBL4822,Homo sapiens
CHEMBL1791012,CC[C@H](C)[C@H](NC(C)=O)C(=O)N[C@@H](C)C(=O)N[C@@H](CC(C)C)[C@@H](O)CC(=O)N[C@@H](Cc1ccc(O)cc1)C(=O)NCc1cccc(C(=O)O)c1,IC50,110.0,nM,CHEMBL4822,Homo sapiens
CHEMBL335837,CSCC[C@H](NC(=O)[C@@H](NC(=O)[C@@H](N)CCC(=O)O)C(C)C)C(=O)N[C@@H](CC(C)C)[C@@H](O)CC(=O)N[C@H](C(=O)N[C@@H](C)C(=O)N[C@@H](CCC(=O)O)C(=O)N[C@@H](Cc1ccccc1)C(=O)O)C(C)C,IC50,58.0,nM,CHEMBL4822,Homo sapiens
CHEMBL137756,CC(C)C[C@H](NC(=O)[C@H](CC(N)=O)NC(=O)[C@@H](NC(=O)[C@@H](N)CCC(=O)O)C(C)C)[C@@H](O)CC(=O)N[C@H](C(=O)N[C@@H](C)C(N)=O)C(C)C,IC50,530.0,nM,CHEMBL4822,Homo sapiens
CHEMBL137319,CCCC[C@H](NC(C)=O)C(=O)N[C@@H](C)C(=O)N[C@@H](CC(C)C)[C@@H](O)CC(=O)N[C@H](C(=O)NCc1cccc(C(=O)O)c1)C(C)C,IC50,1400.0,nM,CHEMBL4822,Homo sapiens
CHEMBL338988,O=C(O[C@H]1Cc2c(O)cc(O)cc2O[C@H]1c1cc(O)c(O)c(O)c1)c1cc(O)c(O)c(O)c1,IC50,1600.0,nM,CHEMBL4822,Homo sapiens
CHEMBL311498,Oc1cc(O)c2c(c1)O[C@H](c1ccc(O)c(O)c1)[C@@H](O)C2,IC50,35000.0,nM,CHEMBL4822,Homo sapiens
CHEMBL39360,CC(C)C[C@H](NC(=O)[C@@H](NC(=O)[C@@H](N)CNC(=O)O)C(C)C)C(=O)N[C@@H](Cc1ccccc1)[C@@H](O)C(=O)N[C@@H](CC(=O)O)C(=O)N[C@@H](C)C(=O)N[C@@H](CCC(=O)O)C(=O)O,IC50,84.0,nM,CHEMBL4822,Homo sapiens
CHEMBL130415,Oc1cc(O)c2c(c1)O[C@@H](c1cc(O)c(O)c(O)c1)[C@@H](O)C2,IC50,2400.0,nM,CHEMBL4822,Homo sapiens
CHEMBL125743,Oc1cc(O)c2c(c1)O[C@H](c1cc(O)c(O)c(O)c1)[C@@H](O)C2,IC50,2500.0,nM,CHEMBL4822,Homo sapiens
CHEMBL126079,O=C(O[C@H]1Cc2c(O)cc(O)cc2O[C@@H]1c1cc(O)c(O)c(O)c1)c1cc(O)c(O)c(O)c1,IC50,1800.0,nM,CHEMBL4822,Homo sapiens
CHEMBL129451,O=C(O[C@@H]1Cc2c(O)cc(O)cc2O[C@H]1c1ccc(O)c(O)c1)c1cc(O)c(O)c(O)c1,IC50,6000.0,nM,CHEMBL4822,Homo sapiens
CHEMBL288713,CC(C)C[C@H](NC(=O)[C@@H](NC(=O)[C@@H](N)CNC(=O)O)C(C)C)C(=O)N[C@@H](Cc1ccccc1)[C@@H](O)C(=O)Nc1cc(C(=O)O)cc(C(=O)O)c1,IC50,3.4,nM,CHEMBL4822,Homo sapiens
CHEMBL200715,Oc1cc(O)c2c(c1)O[C@@H](c1ccc(O)c(O)c1)[C@H](O)C2,IC50,30000.0,nM,CHEMBL4822,Homo sapiens
CHEMBL38830,CC(C)C[C@H](NC(=O)[C@@H](NC(=O)[C@@H](N)CNC(=O)O)C(C)C)C(=O)N[C@@H](Cc1ccccc1)[C@@H](O)C(=O)Nc1cccc(C(=O)O)c1,IC50,16.0,nM,CHEMBL4822,Homo sapiens
CHEMBL129482,Oc1cc(O)c2c(c1)O[C@@H](c1ccc(O)c(O)c1)[C@@H](O)C2,IC50,28000.0,nM,CHEMBL4822,Homo sapiens
CHEMBL2303749,O=C(O[C@@H]1O[C@@H]2COC(=O)c3cc(O)c(O)c(O)c3-c3c(cc(O)c(O)c3O)C(=O)OO[C@H]([C@H]1O)[C@@H]2O)c1cc(O)c(O)c(O)c1,IC50,160000.0,nM,CHEMBL4822,Homo sapiens
CHEMBL288919,CC(C)C[C@H](NC(=O)[C@@H](NC(=O)[C@@H](N)CCC(=O)O)C(C)C)C(=O)N[C@@H](Cc1ccccc1)[C@@H](O)C(=O)Nc1cc(C(=O)O)cc(C(=O)O)c1,IC50,55.0,nM,CHEMBL4822,Homo sapiens
CHEMBL126142,O=C(O[C@H]1Cc2c(O)cc(O)cc2O[C@H]1c1ccc(O)c(O)c1)c1cc(O)c(O)c(O)c1,IC50,4500.0,nM,CHEMBL4822,Homo sapiens
CHEMBL127911,O=C(OC[C@@H]1O[C@H](OC(=O)c2cc(O)c(O)c(O)c2)[C@@H](OC(=O)c2cc(O)c(O)c(O)c2)[C@H](OC(=O)c2cc(O)c(O)c(O)c2)[C@H]1OC(=O)c1cc(O)c(O)c(O)c1)c1cc(O)c(O)c(O)c1,IC50,160000.0,nM,CHEMBL4822,Homo sapiens
CHEMBL361977,CC(C)C[C@H](NC(=O)[C@@H]1CC(=O)NCCCCCOC(=O)N[C@@H](C(C)C)C(=O)N1)[C@@H](O)C[C@@H](C)C(=O)N[C@H](C(=O)NCc1ccccc1)C(C)C,IC50,3900.0,nM,CHEMBL4822,Homo sapiens
CHEMBL183059,CC(C)C[C@H](NC(=O)[C@@H](NC(=O)[C@@H](N)CNC(=O)C(=O)O)C(C)C)C(=O)N[C@@H](Cc1ccccc1)[C@@H](O)C(=O)N[C@@H](CC(=O)O)C(=O)N[C@@H](C)C(=O)N[C@@H](CCC(=O)O)C(=O)O,IC50,84.0,nM,CHEMBL4822,Homo sapiens
CHEMBL367139,CC(C)C[C@H](NC(=O)[C@@H](NC(=O)[C@@H](N)CNC(=O)C(=O)O)C(C)C)C(=O)N[C@@H](Cc1ccccc1)[C@@H](O)C(=O)Nc1cccc(C(=O)O)c1,IC50,16.0,nM,CHEMBL4822,Homo sapiens
CHEMBL181826,CC(C)C[C@H](NC(=O)[C@@H](NC(=O)[C@@H](N)CNC(=O)C(=O)O)C(C)C)C(=O)N[C@@H](Cc1ccccc1)[C@@H](O)C(=O)Nc1cc(C(=O)O)cc(C(=O)O)c1,IC50,4.7,nM,CHEMBL4822,Homo sapiens
CHEMBL183494,CC(C)C[C@H](NC(=O)[C@@H](NC(=O)[C@@H](N)CNC(=O)c1nn[nH]n1)C(C)C)C(=O)N[C@@H](Cc1ccccc1)[C@@H](O)C(=O)Nc1cccc(C(=O)O)c1,IC50,8.2,nM,CHEMBL4822,Homo sapiens
CHEMBL183546,CC(C)C[C@H](NC(=O)[C@@H](NC(=O)[C@@H](N)CNC(=O)c1nn[nH]n1)C(C)C)C(=O)N[C@@H](Cc1ccccc1)[C@@H](O)C(=O)Nc1cc(C(=O)O)cc(C(=O)O)c1,IC50,3.9,nM,CHEMBL4822,Homo sapiens
CHEMBL42453,CCCN(CCC)C(=O)c1cccc(C(=O)N[C@@H](Cc2cc(F)cc(F)c2)[C@@H](O)C[C@@H](CC)C(=O)NC[C@H]2CC[C@H](C(=O)O)CC2)c1,IC50,50.0,nM,CHEMBL4822,Homo sapiens
CHEMBL263260,CCCN(CCC)C(=O)c1cccc(C(=O)N[C@@H](Cc2cc(F)cc(F)c2)[C@@H](O)C[C@@H](CC)C(=O)NCCCCC(=O)O)c1,IC50,400.0,nM,CHEMBL4822,Homo sapiens
CHEMBL43962,CCCN(CCC)C(=O)c1cccc(C(=O)N[C@@H](Cc2cc(F)cc(F)c2)[C@@H](O)C[C@@H](CC)C(=O)NCc2ccccc2)c1,IC50,1400.0,nM,CHEMBL4822,Homo sapiens
CHEMBL295996,CCCN(CCC)C(=O)c1cccc(C(=O)N[C@@H](Cc2cc(F)cc(F)c2)[C@@H](O)C[C@@H](CC)C(=O)NCCC(=O)O)c1,IC50,2800.0,nM,CHEMBL4822,Homo sapiens
CHEMBL295109,CCCN(CCC)C(=O)c1cccc(C(=O)N[C@@H](Cc2cc(F)cc(F)c2)[C@@H](O)C[C@@H](CC)C(=O)N[C@H]2C[C@@H](OC)C[C@@H](OC)C2)c1,IC50,6600.0,nM,CHEMBL4822,Homo sapiens
CHEMBL189901,CC(C)C[C@H](NC(=O)[C@H](CC(N)=O)NC(=O)[C@@H](NC(=O)[C@@H](N)CCC(=O)O)C(C)C)[C@@H](O)C[C@@H](C)C(=O)N[C@@H](C)C(=O)O,IC50,12.0,nM,CHEMBL4822,Homo sapiens
CHEMBL434943,CC(C)C[C@H](NC(=O)[C@H](CC(N)=O)NC(=O)[C@@H](NC(=O)[C@@H](N)CCC(=O)O)C(C)C)[C@@H](O)[C@@H]1CCC[C@H]1C(=O)N[C@@H](C)C(=O)N[C@@H](CCC(=O)O)C(=O)N[C@@H](Cc1ccccc1)C(=O)O,IC50,16.0,nM,CHEMBL4822,Homo sapiens
CHEMBL363783,CC(C)C[C@H](NC(=O)[C@H](CC(N)=O)NC(=O)[C@@H](NC(=O)[C@@H](N)CCC(=O)O)C(C)C)[C@@H](O)[C@@H]1CCC[C@H]1C(=O)N[C@@H](C)C(=O)N[C@@H](CCC(=O)O)C(=O)O,IC50,40.0,nM,CHEMBL4822,Homo sapiens
CHEMBL191122,CC(C)C[C@H](NC(=O)[C@H](CC(N)=O)NC(=O)[C@@H](NC(=O)[C@@H](N)CCC(=O)O)C(C)C)[C@@H](O)[C@@H]1CCC[C@H]1C(=O)N[C@@H](C)C(=O)O,IC50,39.0,nM,CHEMBL4822,Homo sapiens
CHEMBL364446,CSCC[C@H](NC(=O)[C@H](CC(C)C)NC(C)=O)C(=O)N[C@@H](CC(C)C)[C@@H](O)[C@@H]1CCC[C@H]1C(=O)N[C@H](C(=O)O)C(C)C,IC50,190.0,nM,CHEMBL4822,Homo sapiens
CHEMBL192836,CCCCNC(=O)[C@H](C)NC(=O)[C@@H]1CCC[C@H]1[C@H](O)[C@H](CC(C)C)NC(=O)[C@H](CCSC)NC(=O)[C@H](CC(C)C)NC(C)=O,IC50,185.0,nM,CHEMBL4822,Homo sapiens
CHEMBL191344,CCCCNC(=O)[C@@H](NC(=O)[C@@H]1CCC[C@H]1[C@H](O)[C@H](CC(C)C)NC(=O)[C@H](CCSC)NC(=O)[C@H](CC(C)C)NC(C)=O)C(C)C,IC50,25.0,nM,CHEMBL4822,Homo sapiens
CHEMBL190058,CCCCNC(=O)[C@@H]1CCC[C@H]1[C@H](O)[C@H](CC(C)C)NC(=O)[C@H](CCSC)NC(=O)[C@H](CC(C)C)NC(C)=O,IC50,1820.0,nM,CHEMBL4822,Homo sapiens
CHEMBL191129,CCCCNC(=O)[C@@H](NC(=O)[C@@H]1CC(=O)C[C@H]1[C@H](O)[C@H](CC(C)C)NC(=O)[C@H](CCSC)NC(=O)[C@H](CC(C)C)NC(C)=O)C(C)C,IC50,10.0,nM,CHEMBL4822,Homo sapiens
CHEMBL439671,CCCCNC(=O)[C@@H](NC(=O)[C@@H]1CN(C)C[C@H]1[C@H](O)[C@H](CC(C)C)NC(=O)[C@H](CCSC)NC(=O)[C@H](CC(C)C)NC(C)=O)C(C)C,IC50,3440.0,nM,CHEMBL4822,Homo sapiens
CHEMBL191100,CCCCNC(=O)[C@@H](NC(=O)[C@@H]1C(=O)N(CC)C[C@H]1[C@H](O)[C@H](CC(C)C)NC(=O)[C@H](CCSC)NC(=O)[C@H](CC(C)C)NC(C)=O)C(C)C,IC50,3350.0,nM,CHEMBL4822,Homo sapiens
CHEMBL436104,CCCCNC(=O)[C@@H](NC(=O)[C@H]1[C@H]([C@H](O)[C@H](CC(C)C)NC(=O)[C@H](CCSC)NC(=O)[C@H](CC(C)C)NC(C)=O)CC(=O)N1C)C(C)C,IC50,10.0,nM,CHEMBL4822,Homo sapiens
CHEMBL364664,CCCCNC(=O)[C@@H](NC(=O)[C@@H]1OCC[C@H]1[C@H](O)[C@H](CC(C)C)NC(=O)[C@H](CCSC)NC(=O)[C@H](CC(C)C)NC(C)=O)C(C)C,IC50,9560.0,nM,CHEMBL4822,Homo sapiens
CHEMBL190010,CSCC[C@H](NC(=O)[C@H](CC(C)C)NC(C)=O)C(=O)N[C@@H](CC(C)C)[C@@H](O)[C@@H]1CCC[C@H]1C(=O)N[C@@H](C)C(=O)O,IC50,60.0,nM,CHEMBL4822,Homo sapiens
CHEMBL187765,CSCC[C@H](NC(=O)[C@H](CC(C)C)NC(C)=O)C(=O)N[C@@H](CC(C)C)[C@@H](O)[C@@H]1CC(=O)C[C@H]1C(=O)N[C@@H](C)C(=O)O,IC50,720.0,nM,CHEMBL4822,Homo sapiens
CHEMBL191123,C=C1C[C@@H]([C@H](O)[C@H](CC(C)C)NC(=O)[C@H](CCSC)NC(=O)[C@H](CC(C)C)NC(C)=O)[C@H](C(=O)N[C@@H](C)C(=O)O)C1,IC50,10000.0,nM,CHEMBL4822,Homo sapiens
CHEMBL370043,CN(C)c1ccc(NC(=O)Nc2cc(C(F)(F)F)cc(C(F)(F)F)c2)cc1C(=O)NCCCN1CCOCC1,IC50,57.8,nM,CHEMBL4822,Homo sapiens
CHEMBL190346,CCSc1nsc(NC(=O)Nc2cccc(C(C)=O)c2)n1,IC50,25.0,nM,CHEMBL4822,Homo sapiens
CHEMBL190644,CCOCCCNC(=O)c1cc(NC(=O)Nc2cccc(Cl)c2)ccc1N(C)C,IC50,97.0,nM,CHEMBL4822,Homo sapiens
CHEMBL363539,COCCCNC(=O)c1cc(NC(=O)Nc2cc(C(F)(F)F)cc(C(F)(F)F)c2)ccc1N(C)C,IC50,283900.0,nM,CHEMBL4822,Homo sapiens
CHEMBL370955,CC[C@H](C)[C@H](NC(=O)OC(C)(C)C)C(=O)N1CCCCC[C@@H]([C@@H](O)C[C@@H](C)C(=O)N[C@H](C(=O)NCc2ccncc2)C(C)C)NC(=O)[C@@H]1C,IC50,65.0,nM,CHEMBL4822,Homo sapiens
CHEMBL200617,CC(C)[C@H](NC(=O)[C@H](C)C[C@H](O)[C@@H]1CCCCCN(C(=O)[C@@H](NC(=O)OC(C)(C)C)C(C)C)[C@@H](C)C(=O)N1)C(=O)NCc1ccncc1,IC50,260.0,nM,CHEMBL4822,Homo sapiens
CHEMBL200510,CC(C)[C@H](NC(=O)[C@H](C)C[C@H](O)[C@@H]1CCCCCC[C@H](N)C(=O)N[C@@H](C)C(=O)N1)C(=O)NCc1ccccc1,IC50,2397.0,nM,CHEMBL4822,Homo sapiens
CHEMBL370185,CC(C)[C@H](NC(=O)[C@H](C)C[C@H](O)[C@@H]1CCCCCC[C@H](NC(=O)OC(C)(C)C)C(=O)N[C@@H](C)C(=O)N1)C(=O)NCc1ccncc1,IC50,4925.0,nM,CHEMBL4822,Homo sapiens
CHEMBL200195,CC(C)[C@H](NC(=O)[C@H](C)C[C@H](O)[C@@H]1CCCCCC[C@H](NC(=O)OC(C)(C)C)C(=O)N[C@@H](C)C(=O)N1)C(=O)NCc1ccccc1,IC50,285.0,nM,CHEMBL4822,Homo sapiens
CHEMBL373255,CC(C)[C@H](NC(=O)CC[C@H](O)[C@@H]1CCCCCC[C@H](NC(=O)OC(C)(C)C)C(=O)N[C@@H](C)C(=O)N1)C(=O)NCc1ccccc1,IC50,9704.0,nM,CHEMBL4822,Homo sapiens
CHEMBL370369,CC(C)C(=O)c1cc(C(=O)N[C@@H](Cc2ccccc2)[C@H](O)CNC2CC2)cc(N(C)S(C)(=O)=O)c1,IC50,240.0,nM,CHEMBL4822,Homo sapiens
CHEMBL370801,CN(c1cc(/C=C/C2CC2)cc(C(=O)N[C@@H](Cc2ccccc2)[C@H](O)CNC2CC2)c1)S(C)(=O)=O,IC50,730.0,nM,CHEMBL4822,Homo sapiens
CHEMBL383772,CN(c1cc(C(=O)N[C@@H](Cc2ccccc2)[C@H](O)CNC2CC2)cc(C(=O)C2CCCC2)c1)S(C)(=O)=O,IC50,180.0,nM,CHEMBL4822,Homo sapiens
CHEMBL201730,CN(c1cc(/C=C\C2CC2)cc(C(=O)N[C@@H](Cc2ccccc2)[C@H](O)CNC2CC2)c1)S(C)(=O)=O,IC50,35.0,nM,CHEMBL4822,Homo sapiens
CHEMBL201961,CNC(=O)c1cc(C(=O)N[C@@H](Cc2ccccc2)[C@H](O)CNC2CC2)cc(N(C)S(C)(=O)=O)c1,IC50,980.0,nM,CHEMBL4822,Homo sapiens
CHEMBL201155,CN(c1cc(CCC2CC2)cc(C(=O)N[C@@H](Cc2ccccc2)[C@H](O)CNC2CC2)c1)S(C)(=O)=O,IC50,420.0,nM,CHEMBL4822,Homo sapiens
CHEMBL202057,CN(c1cc(C(=O)N[C@@H](Cc2ccccc2)[C@H](O)CNC2CC2)cc(C(=O)C2CCCCC2)c1)S(C)(=O)=O,IC50,450.0,nM,CHEMBL4822,Homo sapiens
CHEMBL201940,CN(c1cc(Cc2ccccc2)cc(C(=O)N[C@@H](Cc2ccccc2)[C@H](O)CNC2CC2)c1)S(C)(=O)=O,IC50,4630.0,nM,CHEMBL4822,Homo sapiens
CHEMBL201049,C=C(c1ccccc1)c1cc(C(=O)N[C@@H](Cc2ccccc2)[C@H](O)CNC2CC2)cc(N(C)S(C)(=O)=O)c1,IC50,1300.0,nM,CHEMBL4822,Homo sapiens
CHEMBL201802,CN(c1cc(C(=O)N[C@@H](Cc2ccccc2)[C@H](O)CNC2CC2)cc(C(O)c2ccccc2)c1)S(C)(=O)=O,IC50,5900.0,nM,CHEMBL4822,Homo sapiens
CHEMBL202602,CN(c1cc(C(=O)N[C@@H](Cc2ccccc2)[C@H](O)CNC2CC2)cc(C(=O)c2ccccc2)c1)S(C)(=O)=O,IC50,98.0,nM,CHEMBL4822,Homo sapiens
CHEMBL202015,CN(c1cc(C(=O)N[C@@H](Cc2ccccc2)[C@H](O)CNC2CC2)cc(C(O)Cc2ccccc2)c1)S(C)(=O)=O,IC50,5500.0,nM,CHEMBL4822,Homo sapiens
CHEMBL202549,CN(c1cc(C(=O)Cc2ccccc2)cc(C(=O)N[C@@H](Cc2ccccc2)[C@H](O)CNC2CC2)c1)S(C)(=O)=O,IC50,1400.0,nM,CHEMBL4822,Homo sapiens
CHEMBL382233,CCC(=O)c1cc(C(=O)N[C@@H](Cc2ccccc2)[C@H](O)CNC2CC2)cc(N(C)S(C)(=O)=O)c1,IC50,1500.0,nM,CHEMBL4822,Homo sapiens
CHEMBL381618,CC(C)(C)OC(=O)N1CCN(c2ccc(Br)cc2NC(=O)c2cccc3ccccc23)CC1,IC50,1700.0,nM,CHEMBL4822,Homo sapiens
CHEMBL377745,O=C(Nc1cc(Br)ccc1N1CCNCC1)c1ccc2ccccc2n1.O=C(O)C(F)(F)F,IC50,3500.0,nM,CHEMBL4822,Homo sapiens
CHEMBL206651,CC(C)(C)OC(=O)N1CCN(c2ccc(Br)cc2NC(=O)c2ccc3ccccc3n2)CC1,IC50,1700.0,nM,CHEMBL4822,Homo sapiens
CHEMBL206097,O=C(Nc1cc(Br)ccc1N1CCN(S(=O)(=O)c2cccs2)CC1)c1cc(=O)c2ccccc2o1,IC50,2600.0,nM,CHEMBL4822,Homo sapiens
CHEMBL381272,O=C(Nc1cc(Br)ccc1N1CCNCC1)c1cc(=O)c2ccccc2o1.O=C(O)C(F)(F)F,IC50,1600.0,nM,CHEMBL4822,Homo sapiens
CHEMBL206665,CC(C)(C)OC(=O)N1CCN(c2ccc(Br)cc2NC(=O)c2cc(=O)c3ccccc3o2)CC1,IC50,1900.0,nM,CHEMBL4822,Homo sapiens
CHEMBL205637,COc1ccc2c(CC(=O)Nc3cc(Br)ccc3N3CCN(S(=O)(=O)c4cccs4)CC3)cc(=O)oc2c1,IC50,1130.0,nM,CHEMBL4822,Homo sapiens
CHEMBL205241,COc1ccc2c(CC(=O)Nc3cc(Br)ccc3N3CCNCC3)cc(=O)oc2c1.O=C(O)C(F)(F)F,IC50,1700.0,nM,CHEMBL4822,Homo sapiens
CHEMBL205309,COc1ccc2c(CC(=O)Nc3cc(Br)ccc3N3CCN(C(=O)OC(C)(C)C)CC3)cc(=O)oc2c1,IC50,93.0,nM,CHEMBL4822,Homo sapiens
CHEMBL206557,COc1cccc2cc(C(=O)Nc3cc(Br)ccc3N3CCNCC3)c(=O)oc12.O=C(O)C(F)(F)F,IC50,5000.0,nM,CHEMBL4822,Homo sapiens
CHEMBL381617,COc1cccc2cc(C(=O)Nc3cc(Br)ccc3N3CCN(Cc4ccccc4)CC3)c(=O)oc12,IC50,5500.0,nM,CHEMBL4822,Homo sapiens
CHEMBL206854,COc1cccc2cc(C(=O)Nc3cc(Br)ccc3N3CCN(C(=O)OC(C)(C)C)CC3)c(=O)oc12,IC50,2400.0,nM,CHEMBL4822,Homo sapiens
CHEMBL381919,O=C(Nc1cc(Br)ccc1N1CCNCC1)c1cc2ccccc2oc1=O.O=C(O)C(F)(F)F,IC50,670.0,nM,CHEMBL4822,Homo sapiens
CHEMBL206442,O=C(Nc1cc(Br)ccc1N1CCN(Cc2ccccc2)CC1)c1cc2ccccc2oc1=O,IC50,760.0,nM,CHEMBL4822,Homo sapiens
CHEMBL207083,CC(C)(C)OC(=O)N1CCN(c2ccc(Br)cc2NC(=O)c2cc3ccccc3oc2=O)CC1,IC50,1000.0,nM,CHEMBL4822,Homo sapiens
CHEMBL203120,O=C(Nc1cc(Br)ccc1N1CCNCC1)c1cccc2ccccc12.O=C(O)C(F)(F)F,IC50,1000.0,nM,CHEMBL4822,Homo sapiens
CHEMBL380521,O=C(Nc1cc(Br)ccc1N1CCN(Cc2ccccc2)CC1)c1cccc2ccccc12,IC50,5200.0,nM,CHEMBL4822,Homo sapiens
CHEMBL205217,CC(C)C[C@H](NC(=O)[C@@H](NC(=O)[C@@H](N)CCC(=O)O)C(C)C)C(=O)N[C@@H](Cc1ccccc1)[C@@H](O)C(=O)Nc1cc(-c2nn[nH]n2)cc(-c2nn[nH]n2)c1,IC50,6.4,nM,CHEMBL4822,Homo sapiens
CHEMBL208060,CC(C)C[C@H](NC(=O)[C@@H](NC(=O)[C@@H](N)CNC(=O)c1nn[nH]n1)C(C)C)C(=O)N[C@@H](Cc1ccccc1)[C@@H](O)C(=O)Nc1cccc(-c2noc(S)n2)c1,IC50,6.4,nM,CHEMBL4822,Homo sapiens
CHEMBL205333,CC(C)C[C@H](NC(=O)[C@@H](NC(=O)[C@@H](N)CNC(=O)c1nn[nH]n1)C(C)C)C(=O)N[C@@H](Cc1ccccc1)[C@@H](O)C(=O)Nc1cccc(-c2noc(O)n2)c1,IC50,6.6,nM,CHEMBL4822,Homo sapiens
CHEMBL439521,CC(C)C[C@H](NC(=O)[C@@H](NC(=O)[C@@H](N)CNC(=O)c1nn[nH]n1)C(C)C)C(=O)N[C@@H](Cc1ccccc1)[C@@H](O)C(=O)Nc1cc(-c2nn[nH]n2)cc(-c2nn[nH]n2)c1,IC50,1.2,nM,CHEMBL4822,Homo sapiens
CHEMBL381826,CC(C)C[C@H](NC(=O)[C@@H](NC(=O)[C@@H](N)CNC(=O)c1nn[nH]n1)C(C)C)C(=O)N[C@@H](Cc1ccccc1)[C@@H](O)C(=O)Nc1cccc(-c2nn[nH]n2)c1,IC50,4.8,nM,CHEMBL4822,Homo sapiens
CHEMBL210414,CC(C)CNC(=O)[C@H](C)NC[C@H](Cc1ccccc1)NC(=O)c1cc(CCC2C[C@@H]2C)cc(N(C)S(C)(=O)=O)c1,IC50,23.0,nM,CHEMBL4822,Homo sapiens
CHEMBL212203,C[C@H](NC[C@H](Cc1ccccc1)NC(=O)c1cc(C(=O)N[C@H](C)c2ccc(F)cc2)cc(N(C)S(C)(=O)=O)c1)C(=O)NCc1ccccc1,IC50,731.0,nM,CHEMBL4822,Homo sapiens
CHEMBL377624,C[C@H](NC[C@H](Cc1ccccc1)NC(=O)c1cc(C(=O)N[C@H](C)c2ccc(F)cc2)cc(N(C)S(C)(=O)=O)c1)C(=O)N1CCC[C@H]1C(=O)O,IC50,20000.0,nM,CHEMBL4822,Homo sapiens
CHEMBL208809,C[C@H](NC[C@H](Cc1ccccc1)NC(=O)c1cc(C(=O)N[C@H](C)c2ccc(F)cc2)cc(N(C)S(C)(=O)=O)c1)C(=O)NC1CC1,IC50,133.0,nM,CHEMBL4822,Homo sapiens
CHEMBL208808,CCNC(=O)[C@H](C)NC[C@H](Cc1ccccc1)NC(=O)c1cc(C(=O)N[C@H](C)c2ccc(F)cc2)cc(N(C)S(C)(=O)=O)c1,IC50,242.0,nM,CHEMBL4822,Homo sapiens
CHEMBL211937,C[C@@H](NC(=O)c1cc(C(=O)N[C@H](CN)Cc2ccccc2)cc(N(C)S(C)(=O)=O)c1)c1ccc(F)cc1,IC50,5900.0,nM,CHEMBL4822,Homo sapiens
CHEMBL380257,C[C@@H](NC(=O)c1cc(C(=O)N[C@H](CO)Cc2ccccc2)cc(N(C)S(C)(=O)=O)c1)c1ccc(F)cc1,IC50,630.0,nM,CHEMBL4822,Homo sapiens
CHEMBL211899,CC(C)CNC(=O)[C@H](CCS(C)(=O)=O)NC[C@H](Cc1ccccc1)NC(=O)c1cc(C(=O)N[C@H](C)c2ccc(F)cc2)cc(N(C)S(C)(=O)=O)c1,IC50,17500.0,nM,CHEMBL4822,Homo sapiens
CHEMBL379781,CC(C)CNC(=O)[C@H](CCO)NC[C@H](Cc1ccccc1)NC(=O)c1cc(C(=O)N[C@H](C)c2ccc(F)cc2)cc(N(C)S(C)(=O)=O)c1,IC50,751.0,nM,CHEMBL4822,Homo sapiens
CHEMBL211563,CCC[C@H](NC[C@H](Cc1ccccc1)NC(=O)c1cc(C(=O)N[C@H](C)c2ccc(F)cc2)cc(N(C)S(C)(=O)=O)c1)C(=O)NCC(C)C,IC50,17.0,nM,CHEMBL4822,Homo sapiens
CHEMBL209372,CC[C@H](NC[C@H](Cc1ccccc1)NC(=O)c1cc(C(=O)N[C@H](C)c2ccc(F)cc2)cc(N(C)S(C)(=O)=O)c1)C(=O)NCC(C)C,IC50,20.0,nM,CHEMBL4822,Homo sapiens
CHEMBL379513,CC(C)CNC(=O)[C@H](C)NC[C@H](Cc1ccccc1)NC(=O)c1cc(C(=O)N[C@H](C)c2ccc(F)cc2)cc(N(C)S(C)(=O)=O)c1,IC50,22.0,nM,CHEMBL4822,Homo sapiens
CHEMBL384678,CC(C)CNC(=O)CNC[C@H](Cc1ccccc1)NC(=O)c1cc(C(=O)N[C@H](C)c2ccc(F)cc2)cc(N(C)S(C)(=O)=O)c1,IC50,3710.0,nM,CHEMBL4822,Homo sapiens
CHEMBL210022,CCCCNC(=O)[C@H](C)C[C@H](O)[C@@H]1CSC/C=C/CC[C@H]2CCCN[C@H]2C(=O)N[C@@H](C)C(=O)N1,IC50,10000.0,nM,CHEMBL4822,Homo sapiens
CHEMBL437496,CCCCNC(=O)[C@H](C)C[C@H](O)[C@@H]1CSC/C=C/CC[C@@H]2CCCN[C@@H]2C(=O)N[C@@H](C)C(=O)N1,IC50,10000.0,nM,CHEMBL4822,Homo sapiens
CHEMBL439148,CCCCNC(=O)[C@H](C)C[C@H](O)[C@@H]1CSC/C=C/CC[C@H]2CNCC[C@H]2C(=O)N[C@@H](C)C(=O)N1,IC50,10000.0,nM,CHEMBL4822,Homo sapiens
CHEMBL211193,CCCCNC(=O)[C@H](C)C[C@H](O)[C@@H]1CSC/C=C/CC[C@@H]2CNCC[C@@H]2C(=O)N[C@@H](C)C(=O)N1,IC50,10000.0,nM,CHEMBL4822,Homo sapiens
CHEMBL210240,CCCCNC(=O)[C@H](C)C[C@H](O)[C@@H]1CSC/C=C/CS[C@H]2CCCN[C@H]2C(=O)N[C@@H](C)C(=O)N1,IC50,190.0,nM,CHEMBL4822,Homo sapiens
CHEMBL211194,CCCCNC(=O)[C@H](C)C[C@H](O)[C@@H]1CSC/C=C/CS[C@@H]2CCCN[C@@H]2C(=O)N[C@@H](C)C(=O)N1,IC50,12000.0,nM,CHEMBL4822,Homo sapiens
CHEMBL213300,CCCCNC(=O)[C@H](C)C[C@H](O)[C@@H]1CSC/C=C/CS[C@H]2CNCC[C@H]2C(=O)N[C@@H](C)C(=O)N1,IC50,10000.0,nM,CHEMBL4822,Homo sapiens
CHEMBL210176,CCCCNC(=O)[C@H](C)C[C@H](O)[C@@H]1CSC/C=C/CS[C@@H]2CNCC[C@@H]2C(=O)N[C@@H](C)C(=O)N1,IC50,10000.0,nM,CHEMBL4822,Homo sapiens
CHEMBL377149,CCCCNC(=O)[C@@H](NC(=O)[C@H](C)C[C@H](O)[C@@H]1CSC/C=C/CSC[C@H](NC(=O)OC(C)(C)C)C(=O)N[C@@H](C)C(=O)N1)C(C)C,IC50,156.0,nM,CHEMBL4822,Homo sapiens
CHEMBL208681,CCCCNC(=O)[C@@H](NC(=O)[C@H](C)C[C@H](O)[C@@H]1CSC/C=C\CSC[C@H](NC(=O)OC(C)(C)C)C(=O)N[C@@H](C)C(=O)N1)C(C)C,IC50,1970.0,nM,CHEMBL4822,Homo sapiens
CHEMBL212102,CCCCNC(=O)[C@H](C)C[C@H](O)[C@@H]1COC/C=C/CSC[C@H](NC(C)=O)C(=O)N[C@@H](C)C(=O)N1,IC50,1120.0,nM,CHEMBL4822,Homo sapiens
CHEMBL425424,CCCCNC(=O)[C@H](C)C[C@H](O)[C@@H]1CSCc2ccc(cc2)CSC[C@H](NC(C)=O)C(=O)N[C@@H](C)C(=O)N1,IC50,10000.0,nM,CHEMBL4822,Homo sapiens
CHEMBL377548,CCCCNC(=O)[C@H](C)C[C@H](O)[C@@H]1COC/C=C/CSC[C@H](NC(=O)OC(C)(C)C)C(=O)N[C@@H](C)C(=O)N1,IC50,510.0,nM,CHEMBL4822,Homo sapiens
CHEMBL213595,CCCCNC(=O)[C@H](C)C[C@H](O)[C@@H]1COC/C=C/COC[C@H](NC(=O)OC(C)(C)C)C(=O)N[C@@H](C)C(=O)N1,IC50,20300.0,nM,CHEMBL4822,Homo sapiens
CHEMBL379824,CCCCNC(=O)[C@H](C)C[C@H](O)[C@@H]1COCCCCOC[C@H](NC(=O)OC(C)(C)C)C(=O)N[C@@H](C)C(=O)N1,IC50,10000.0,nM,CHEMBL4822,Homo sapiens
CHEMBL211384,CCCCNC(=O)[C@H](C)C[C@H](O)[C@H](CC(C)C)NC(=O)[C@H](C)N(C)C(=O)[C@H](CC(C)C)NC(C)=O,IC50,100.0,nM,CHEMBL4822,Homo sapiens
CHEMBL209795,CCCCNC(=O)[C@H](C)C[C@H](O)[C@H](CC(C)C)NC(=O)[C@H](C)NC(=O)[C@H](CC(C)C)NC(C)=O,IC50,120.0,nM,CHEMBL4822,Homo sapiens
CHEMBL209847,CCCCNC(=O)[C@H](C)C[C@H](O)[C@@H]1CSC/C=C/CSC[C@H](N)C(=O)N[C@@H](C)C(=O)N1,IC50,10000.0,nM,CHEMBL4822,Homo sapiens
CHEMBL212321,CCCCNC(=O)[C@H](C)C[C@H](O)[C@@H]1CSC/C=C/CSCCC(=O)N[C@@H](C)C(=O)N1,IC50,10000.0,nM,CHEMBL4822,Homo sapiens
CHEMBL211848,CCCCNC(=O)[C@H](C)C[C@H](O)[C@@H]1CSC/C=C\CSCCC(=O)N[C@@H](C)C(=O)N1,IC50,10000.0,nM,CHEMBL4822,Homo sapiens
CHEMBL213830,CCCCNC(=O)[C@H](C)C[C@H](O)[C@@H]1CSCCCCCCSC[C@H](NC(C)=O)C(=O)N[C@@H](C)C(=O)N1,IC50,10000.0,nM,CHEMBL4822,Homo sapiens
CHEMBL213858,CCCCNC(=O)[C@H](C)C[C@H](O)[C@@H]1CSCCCCCSC[C@H](NC(C)=O)C(=O)N[C@@H](C)C(=O)N1,IC50,10000.0,nM,CHEMBL4822,Homo sapiens
CHEMBL211152,CCCCNC(=O)[C@H](C)C[C@H](O)[C@@H]1CSCCCCSC[C@H](NC(C)=O)C(=O)N[C@@H](C)C(=O)N1,IC50,10000.0,nM,CHEMBL4822,Homo sapiens
CHEMBL378897,CCCCNC(=O)[C@H](C)C[C@H](O)[C@@H]1CSC/C=C/CSC[C@H](NC(=O)OC(C)(C)C)C(=O)N[C@@H](C)C(=O)N1,IC50,1300.0,nM,CHEMBL4822,Homo sapiens
CHEMBL211499,CCCCNC(=O)[C@H](C)C[C@H](O)[C@@H]1CSC/C=C\CSC[C@H](NC(=O)OC(C)(C)C)C(=O)N[C@@H](C)C(=O)N1,IC50,9000.0,nM,CHEMBL4822,Homo sapiens
CHEMBL212357,CCCCNC(=O)[C@H](C)C[C@H](O)[C@@H]1CSCc2ccc(cc2)CSC[C@H](NC(=O)OC(C)(C)C)C(=O)N[C@@H](C)C(=O)N1,IC50,10000.0,nM,CHEMBL4822,Homo sapiens
CHEMBL211107,CCCCNC(=O)[C@H](C)C[C@H](O)[C@@H]1CSCCCCCCSC[C@H](NC(=O)OC(C)(C)C)C(=O)N[C@@H](C)C(=O)N1,IC50,10000.0,nM,CHEMBL4822,Homo sapiens
CHEMBL211432,CCCCNC(=O)[C@H](C)C[C@H](O)[C@@H]1CSCCCCCSC[C@H](NC(=O)OC(C)(C)C)C(=O)N[C@@H](C)C(=O)N1,IC50,16900.0,nM,CHEMBL4822,Homo sapiens
CHEMBL213301,CCCCNC(=O)[C@H](C)C[C@H](O)[C@@H]1CSCCCCSC[C@H](NC(=O)OC(C)(C)C)C(=O)N[C@@H](C)C(=O)N1,IC50,20000.0,nM,CHEMBL4822,Homo sapiens
CHEMBL209632,O=C(Nc1cc(-c2ccccc2)ccc1N1CCNCC1)c1cc2ccccc2oc1=O.O=C(O)C(F)(F)F,IC50,580.0,nM,CHEMBL4822,Homo sapiens
CHEMBL212578,O=C(Nc1cc(-c2ccccc2)ccc1N1CCN(Cc2ccccc2)CC1)c1cc2ccccc2oc1=O,IC50,151.0,nM,CHEMBL4822,Homo sapiens
CHEMBL210451,CC(C)(C)OC(=O)N1CCN(c2ccc(-c3ccccc3)cc2NC(=O)c2cc3ccccc3oc2=O)CC1,IC50,10000.0,nM,CHEMBL4822,Homo sapiens
CHEMBL209052,COc1cccc2cc(C(=O)Nc3cc(Br)ccc3N3CCN(CCO)CC3)c(=O)oc12,IC50,1000.0,nM,CHEMBL4822,Homo sapiens
CHEMBL379100,COc1cccc2cc(C(=O)Nc3cc(Br)ccc3N3CCOCC3)c(=O)oc12,IC50,10000.0,nM,CHEMBL4822,Homo sapiens
CHEMBL211214,O=C(Nc1cc(Br)ccc1N1CCN(CCO)CC1)c1cc2ccccc2oc1=O,IC50,630.0,nM,CHEMBL4822,Homo sapiens
CHEMBL212873,O=C(Nc1cc(Br)ccc1N1CCOCC1)c1cc2ccccc2oc1=O,IC50,10000.0,nM,CHEMBL4822,Homo sapiens
CHEMBL211097,O=C(Nc1cc(-c2ccccc2)ccc1N1CCN(C(=O)CCCCC2SCCS2)CC1)c1cccc2ccccc12,IC50,3800.0,nM,CHEMBL4822,Homo sapiens
CHEMBL212627,O=C(Nc1cc(-c2ccccc2)ccc1N1CCN(C(=O)c2ccccc2)CC1)c1cccc2ccccc12,IC50,79.0,nM,CHEMBL4822,Homo sapiens
CHEMBL208903,O=C(Nc1cc(-c2ccccc2)ccc1N1CCN(CC[C@@H](O)c2ccccc2)CC1)c1cccc2ccccc12,IC50,46.0,nM,CHEMBL4822,Homo sapiens
CHEMBL378052,O=C(Nc1cc(-c2ccccc2)ccc1N1CCN(CC[C@H](O)c2ccccc2)CC1)c1cccc2ccccc12,IC50,69.0,nM,CHEMBL4822,Homo sapiens
CHEMBL379820,NCCCCCN1CCN(c2ccc(-c3ccccc3)cc2NC(=O)c2cccc3ccccc23)CC1,IC50,68.0,nM,CHEMBL4822,Homo sapiens
CHEMBL379067,O=C(Nc1cc(-c2ccccc2)ccc1N1CCN(CCCCCN2C(=O)c3ccccc3C2=O)CC1)c1cccc2ccccc12,IC50,100.0,nM,CHEMBL4822,Homo sapiens
CHEMBL211256,CCOC(=O)CN1CCN(c2ccc(-c3ccccc3)cc2NC(=O)c2cccc3ccccc23)CC1,IC50,90.0,nM,CHEMBL4822,Homo sapiens
CHEMBL377581,O=C(Nc1cc(-c2ccccc2)ccc1N1CCN(CCO)CC1)c1cccc2ccccc12,IC50,110.0,nM,CHEMBL4822,Homo sapiens
CHEMBL211995,O=C(Nc1cc(-c2ccccc2)ccc1N1CCNCC1)c1cccc2ccccc12,IC50,300.0,nM,CHEMBL4822,Homo sapiens
CHEMBL379334,O=C(Nc1cc(-c2ccccc2)ccc1N1CCN(Cc2ccccc2)CC1)c1cccc2ccccc12,IC50,1250.0,nM,CHEMBL4822,Homo sapiens
CHEMBL213904,O=C(Nc1cc(Br)ccc1N1CCN(CCO)CC1)c1cccc2ccccc12,IC50,79.0,nM,CHEMBL4822,Homo sapiens
CHEMBL378032,O=C(Nc1cc(Br)ccc1N1CCNCC1)c1cccc2ccccc12,IC50,1000.0,nM,CHEMBL4822,Homo sapiens
CHEMBL212681,O=C(Nc1cc(Br)ccc1N1CCOCC1)c1cccc2ccccc12,IC50,20000.0,nM,CHEMBL4822,Homo sapiens
CHEMBL255838,CC(C)[C@H](NC(=O)[C@@H](N)CNC(=O)c1[nH]c(=O)[nH]c(=O)c1F)C(=O)N[C@@H](CC1CCCCC1)C(=O)N[C@@H](Cc1ccccc1)[C@@H](O)C(=O)Nc1cccc(-c2nn[nH]n2)c1,IC50,5.6,nM,CHEMBL4822,Homo sapiens
CHEMBL411711,CC(C)[C@H](NC(=O)[C@@H](N)CNC(=O)c1nn[nH]n1)C(=O)N[C@@H](CC1CCCCC1)C(=O)N[C@@H](Cc1ccccc1)[C@@H](O)C(=O)Nc1cccc(-c2nn[nH]n2)c1,IC50,3.3,nM,CHEMBL4822,Homo sapiens
CHEMBL380381,CC(C)C[C@H](NC(=O)[C@@H](NC(=O)[C@@H](N)CNC(=O)c1[nH]c(=O)[nH]c(=O)c1F)C(C)C)C(=O)N[C@@H](Cc1ccccc1)[C@@H](O)C(=O)Nc1cccc(-c2nn[nH]n2)c1,IC50,6.5,nM,CHEMBL4822,Homo sapiens
CHEMBL384496,CC[C@H](NCC1Cc2cccc(c2)OCCNC(=O)c2cc(cc(N(C)S(C)(=O)=O)c2)C(=O)N1)C(=O)NCC(C)C,IC50,5400.0,nM,CHEMBL4822,Homo sapiens
CHEMBL264296,CNC(=O)c1cc(C(=O)NC(CO)Cc2cccc(OC)c2)cc(N(C)S(C)(=O)=O)c1,IC50,100000.0,nM,CHEMBL4822,Homo sapiens
CHEMBL385374,CCCC[C@H](NC[C@@H]1Cc2cccc(c2)CCCCc2cc(cc(N(CCC)S(C)(=O)=O)c2)C(=O)N1)C(=O)NCC(C)C,IC50,4.0,nM,CHEMBL4822,Homo sapiens
CHEMBL217374,CC[C@H](NCC1Cc2cccc(c2)CCCCc2cc(cc(N(C)S(C)(=O)=O)c2)C(=O)N1)C(=O)NCC(C)C,IC50,90.0,nM,CHEMBL4822,Homo sapiens
CHEMBL214963,CC[C@H](NCC1Cc2cccc(c2)CCCCCc2cc(cc(N(C)S(C)(=O)=O)c2)C(=O)N1)C(=O)NCC(C)C,IC50,1100.0,nM,CHEMBL4822,Homo sapiens
CHEMBL386666,CN(c1cc2cc(c1)C(=O)NC(CO)Cc1cccc(c1)OCCNC2=O)S(C)(=O)=O,IC50,2900.0,nM,CHEMBL4822,Homo sapiens
CHEMBL217068,N=C(N)NC(=O)Cn1c(-c2ccccc2)ccc1-c1ccccc1,IC50,3700.0,nM,CHEMBL4822,Homo sapiens
CHEMBL401587,CCCOc1ccc(-c2ccc(-c3ccccc3Cl)n2CC(=O)/N=C(/N)NCCCO)cc1,IC50,110.0,nM,CHEMBL4822,Homo sapiens
CHEMBL403819,N/C(=N/C(=O)Cn1c(-c2ccccc2)ccc1C12CC3CC(CC(C3)C1)C2)NCCCO,IC50,240.0,nM,CHEMBL4822,Homo sapiens
CHEMBL253237,CC(=O)c1ccc(Oc2ccc(-c3ccc(-c4ccccc4Cl)n3CC(=O)NC(=N)N)cc2)cc1,IC50,160.0,nM,CHEMBL4822,Homo sapiens
CHEMBL402330,NC(N)=NC(=O)Cn1c(-c2ccccc2)ccc1C12CC3CC(CC(C3)C1)C2,IC50,600.0,nM,CHEMBL4822,Homo sapiens
CHEMBL219601,C[C@@H](NC(=O)c1cc(-c2nnc([C@](C)(N)Cc3ccccc3)o2)cc(N(C)S(C)(=O)=O)c1)c1ccc(F)cc1,IC50,65.0,nM,CHEMBL4822,Homo sapiens
CHEMBL218451,C[C@@H](NC(=O)c1cc(COC(=O)[C@](C)(N)Cc2ccccc2)cc(N(C)S(C)(=O)=O)c1)c1ccc(F)cc1,IC50,27.0,nM,CHEMBL4822,Homo sapiens
CHEMBL373423,C[C@@H](NC(=O)c1cc(COC[C@](C)(N)Cc2ccccc2)cc(N(C)S(C)(=O)=O)c1)c1ccc(F)cc1,IC50,430.0,nM,CHEMBL4822,Homo sapiens
CHEMBL386445,C[C@@H](NC(=O)c1cc(COC[C@@](N)(CO)Cc2ccccc2)cc(N(C)S(C)(=O)=O)c1)c1ccc(F)cc1,IC50,1370.0,nM,CHEMBL4822,Homo sapiens
CHEMBL218846,C[C@@H](NC(=O)c1cc(C(=O)NC(CO)(CO)Cc2ccccc2)cc(N(C)S(C)(=O)=O)c1)c1ccc(F)cc1,IC50,2700.0,nM,CHEMBL4822,Homo sapiens
CHEMBL375217,C[C@@H](NC(=O)c1cc(C(=O)OCC(N)(CO)Cc2ccccc2)cc(N(C)S(C)(=O)=O)c1)c1ccc(F)cc1,IC50,200.0,nM,CHEMBL4822,Homo sapiens
CHEMBL216593,C[C@@H](NC(=O)c1cc(C2=NC(CO)(Cc3ccccc3)CO2)cc(N(C)S(C)(=O)=O)c1)c1ccc(F)cc1,IC50,12500.0,nM,CHEMBL4822,Homo sapiens
CHEMBL375540,CCCN(CCC)C(=O)c1cccc(C(=O)N[C@@H](Cc2cc(F)cc(F)c2)[C@H](O)CN[C@@H](C)C(=O)NCC(C)C)c1,IC50,130.0,nM,CHEMBL4822,Homo sapiens
CHEMBL221597,CCCN(CCC)C(=O)c1cc(C)cc(C(=O)N[C@@H](Cc2cc(F)cc(F)c2)[C@H](O)CNCc2cccc(OC)c2)c1,IC50,20.0,nM,CHEMBL4822,Homo sapiens
CHEMBL373533,CCCN(CCC)C(=O)c1cc(C)cc(C(=O)N[C@@H](Cc2cc(F)cc(F)c2)[C@H](O)CNCc2cccc(I)c2)c1,IC50,5.0,nM,CHEMBL4822,Homo sapiens
CHEMBL221086,CCCN(CCC)C(=O)c1cc(C)cc(C(=O)N[C@@H](Cc2cc(F)cc(F)c2)[C@H](O)CNCc2ccccc2)c1,IC50,130.0,nM,CHEMBL4822,Homo sapiens
CHEMBL265862,CCCN(CCC)C(=O)c1cc(C)cc(C(=O)N[C@@H](Cc2cc(F)cc(F)c2)[C@H](O)CNC(C)(C)C(=O)NCC(C)C)c1,IC50,200.0,nM,CHEMBL4822,Homo sapiens
CHEMBL265861,CCCN(CCC)C(=O)c1cc(C)cc(C(=O)N[C@@H](Cc2cc(F)cc(F)c2)[C@H](O)CN[C@@H](C)C(=O)NCC(C)C)c1,IC50,70.0,nM,CHEMBL4822,Homo sapiens
CHEMBL220813,CCCN(CCC)C(=O)c1cccc(C(=O)N[C@@H](Cc2cc(F)cc(F)c2)[C@H](O)CN[C@H](C)C(=O)NCC(C)C)c1,IC50,500.0,nM,CHEMBL4822,Homo sapiens
CHEMBL61236,Nc1ccc2ccccc2n1,IC50,2000000.0,nM,CHEMBL4822,Homo sapiens
CHEMBL219680,Nc1cccc(CCc2ccccc2)n1,IC50,2000000.0,nM,CHEMBL4822,Homo sapiens
CHEMBL221118,Nc1cccc(CCc2ccc3cc[nH]c3c2)n1,IC50,94000.0,nM,CHEMBL4822,Homo sapiens
CHEMBL221170,COc1cccc(-c2cccc(CCc3cccc(N)n3)c2)c1,IC50,25000.0,nM,CHEMBL4822,Homo sapiens
CHEMBL220895,CCCOc1cncc(-c2cccc(CNc3cccnc3N)c2)c1,IC50,24000.0,nM,CHEMBL4822,Homo sapiens
CHEMBL220396,COc1cncc(-c2cccc(CNc3cccnc3N)c2)c1,IC50,40000.0,nM,CHEMBL4822,Homo sapiens
CHEMBL220346,Nc1ncccc1NCc1cccc(-c2cccnc2)c1,IC50,100000.0,nM,CHEMBL4822,Homo sapiens
CHEMBL435747,Nc1ncccc1NCc1ccccc1,IC50,310000.0,nM,CHEMBL4822,Homo sapiens
CHEMBL220428,Nc1ncccc1NCc1cc(-c2ccc3cc[nH]c3c2)ccc1OCc1ccccn1,IC50,4200.0,nM,CHEMBL4822,Homo sapiens
CHEMBL220826,Nc1ncccc1NCc1cc(-c2ccc3cc[nH]c3c2)ccc1OCc1ccccc1,IC50,690.0,nM,CHEMBL4822,Homo sapiens
CHEMBL220896,Nc1ncccc1NCc1cccc(-c2ccc3cc[nH]c3c2)c1,IC50,9100.0,nM,CHEMBL4822,Homo sapiens
CHEMBL222533,C=CCN(CC=C)C(=O)c1cc(OCC(=O)NCCCCCN)cc(C(=O)N[C@H](C)c2ccccc2)c1,IC50,25000.0,nM,CHEMBL4822,Homo sapiens
CHEMBL426717,C[C@@H](NC(=O)c1cc(OCC(=O)NCCCCCN)cc(OS(=O)(=O)Cc2ccccc2)c1)c1ccc(F)cc1,IC50,1400.0,nM,CHEMBL4822,Homo sapiens
CHEMBL374512,C[C@@H](NC(=O)c1cc(OCC(=O)NCCCCCN)cc(OS(=O)(=O)Cc2ccccc2)c1)c1ccccc1,IC50,100000.0,nM,CHEMBL4822,Homo sapiens
CHEMBL222794,C[C@@H](NC(=O)c1cc(OCC(=O)NCCCCCN)cc(-c2ccccc2C#N)c1)c1ccccc1,IC50,21000.0,nM,CHEMBL4822,Homo sapiens
CHEMBL221454,C[C@@H](NC(=O)c1cc(C(=O)N[C@@H](Cc2ccccc2)C(O)CNC2CC2)cc(N(C)S(C)(=O)=O)c1)c1ccccc1,IC50,15.0,nM,CHEMBL4822,Homo sapiens
CHEMBL376277,C[C@@H](NC(=O)c1cc(C(=O)N[C@@H](Cc2ccccc2)[C@H](O)CNC2CC2)cc(N(C)S(=O)(=O)N(C)C)c1)c1ccccc1,IC50,14.0,nM,CHEMBL4822,Homo sapiens
CHEMBL162970,CC(C)S(=O)(=O)N(C)c1cc(C(=O)N[C@@H](Cc2ccccc2)[C@H](O)CNC2CC2)cc(C(=O)N[C@H](C)c2ccccc2)c1,IC50,41.0,nM,CHEMBL4822,Homo sapiens
CHEMBL266891,C[C@@H](NC(=O)c1cc(C(=O)N[C@@H](Cc2ccccc2)[C@H](O)CNC(C)(C)C)cc(N(C)S(C)(=O)=O)c1)c1ccc(F)cc1,IC50,15.0,nM,CHEMBL4822,Homo sapiens
CHEMBL376072,CCNC[C@@H](O)[C@H](Cc1ccccc1)NC(=O)c1cc(C(=O)N[C@H](C)c2ccc(F)cc2)cc(N(C)S(C)(=O)=O)c1,IC50,15.0,nM,CHEMBL4822,Homo sapiens
CHEMBL225442,C[C@@H](NC(=O)c1cc(C(=O)N[C@@H](Cc2ccccc2)[C@H](O)CN)cc(N(C)S(C)(=O)=O)c1)c1ccc(F)cc1,IC50,23.0,nM,CHEMBL4822,Homo sapiens
CHEMBL377625,C[C@@H](NC(=O)c1cc(C(=O)N[C@@H](Cc2ccccc2)[C@H](O)CNC2CC2)cc(N(C)S(C)(=O)=O)c1)c1ccc(F)cc1,IC50,10.0,nM,CHEMBL4822,Homo sapiens
CHEMBL222209,C[C@@H](NC(=O)c1cc(NS(C)(=O)=O)cc(C(=O)N[C@@H](Cc2ccccc2)C(O)CNC2CC2)c1)c1ccc(F)cc1,IC50,63.0,nM,CHEMBL4822,Homo sapiens
CHEMBL227641,CCCNC(=O)c1cc(C(=O)N[C@@H](CC(C)C)[C@@H](O)C[C@@H](C)C(=O)N[C@H](C(=O)NC(C)C)C(C)C)cc(N(C)S(C)(=O)=O)c1,IC50,3600.0,nM,CHEMBL4822,Homo sapiens
CHEMBL378225,C[C@@H](NC(=O)c1cc(C(=O)N[C@@H](Cc2ccccc2)[C@H](O)CNC2CC2)cc(N(C)S(C)(=O)=O)c1)c1ccccc1,IC50,78.0,nM,CHEMBL4822,Homo sapiens
CHEMBL390159,Cc1nc(C(C)NC(=O)c2cc(C(=O)N[C@@H](CC(C)C)[C@@H](O)C[C@@H](C)C(=O)N[C@H](C(=O)NC(C)C)C(C)C)cc(N(C)S(C)(=O)=O)c2)c(C)o1,IC50,10300.0,nM,CHEMBL4822,Homo sapiens
CHEMBL387984,CC(C)C[C@H](NC(=O)c1cc(C(=O)N[C@H](CO)c2ccccc2)cc(N(C)S(C)(=O)=O)c1)[C@@H](O)C[C@@H](C)C(=O)N[C@H](C(=O)NC(C)C)C(C)C,IC50,190000.0,nM,CHEMBL4822,Homo sapiens
CHEMBL387771,CC(C)C[C@H](NC(=O)c1cc(C(=O)N[C@H](C)c2ccccc2)cc(N(C)S(C)(=O)=O)c1)[C@@H](O)C[C@@H](C)C(=O)N[C@H](C(=O)NC(C)C)C(C)C,IC50,39.0,nM,CHEMBL4822,Homo sapiens
CHEMBL227758,CC(C)C[C@H](NC(=O)c1cc(C(=O)NCc2ccccc2)cc(N(C)S(C)(=O)=O)c1)[C@@H](O)C[C@@H](C)C(=O)N[C@H](C(=O)NC(C)C)C(C)C,IC50,5600.0,nM,CHEMBL4822,Homo sapiens
CHEMBL376504,Cc1nc(CNC(=O)c2cc(C(=O)N[C@@H](CC(C)C)[C@@H](O)C[C@@H](C)C(=O)N[C@H](C(=O)NC(C)C)C(C)C)cc(N(C)S(C)(=O)=O)c2)c(C)o1,IC50,1800.0,nM,CHEMBL4822,Homo sapiens
CHEMBL397275,CCCN(CCC)C(=O)c1cc(C)cc(C(=O)N[C@@H](Cc2cc(F)cc(F)c2)[C@H](O)CNCc2cccc(CC)c2)c1,IC50,2.0,nM,CHEMBL4822,Homo sapiens
CHEMBL394596,CCCN(CCC)C(=O)c1cc(C(=O)N[C@@H](Cc2ccccc2)[C@H](O)CNCc2cccc(OC)c2)cc(C(=O)OCC)c1,IC50,132.0,nM,CHEMBL4822,Homo sapiens
CHEMBL230807,CCCN(CCC)C(=O)c1cc(C(=O)N[C@@H](Cc2ccccc2)[C@H](O)CNCc2cccc(OC)c2)cc(C(=O)N(C)C)c1,IC50,70.0,nM,CHEMBL4822,Homo sapiens
CHEMBL394595,CCCN(CCC)C(=O)c1cc(C(=O)O)cc(C(=O)N[C@@H](Cc2ccccc2)[C@H](O)CNCc2cccc(OC)c2)c1,IC50,30.0,nM,CHEMBL4822,Homo sapiens
CHEMBL397715,CCCN(CCC)C(=O)c1cc(C(N)=O)cc(C(=O)N[C@@H](Cc2ccc(O)cc2)[C@H](O)CNCc2cccc(OC)c2)c1,IC50,300.0,nM,CHEMBL4822,Homo sapiens
CHEMBL397714,CCCN(CCC)C(=O)c1cc(C(N)=O)cc(C(=O)N[C@@H](Cc2cc(F)cc(F)c2)[C@H](O)CNCc2cccc(CC)c2)c1,IC50,5.0,nM,CHEMBL4822,Homo sapiens
CHEMBL124380,CCCN(CCC)C(=O)c1cc(C(=O)N[C@@H](Cc2ccccc2)[C@H](O)CNCc2cccc(OC)c2)cc(C(=O)N(CCC)CCC)c1,IC50,250.0,nM,CHEMBL4822,Homo sapiens
CHEMBL396010,CCCNC(=O)c1cc(C(N)=O)cc(C(=O)N[C@@H](Cc2ccccc2)[C@H](O)CNCc2cccc(OC)c2)c1,IC50,1900.0,nM,CHEMBL4822,Homo sapiens
CHEMBL230314,CCCNC(=O)c1cc(C#N)cc(C(=O)N[C@@H](Cc2ccccc2)[C@H](O)CNCc2cccc(OC)c2)c1,IC50,770.0,nM,CHEMBL4822,Homo sapiens
CHEMBL230190,CCCN(CCC)C(=O)c1cc(CC#N)cc(C(=O)N[C@@H](Cc2ccccc2)[C@H](O)CNCc2cccc(OC)c2)c1,IC50,360.0,nM,CHEMBL4822,Homo sapiens
CHEMBL231646,CCCN(CCC)C(=O)c1cc(C#N)cc(C(=O)N[C@@H](Cc2ccccc2)[C@H](O)CNCc2cccc(OC)c2)c1,IC50,90.0,nM,CHEMBL4822,Homo sapiens
CHEMBL396765,CCCN(CCC)C(=O)c1cc(C(N)=O)cc(C(=O)N[C@@H](Cc2cc(F)cc(F)c2)[C@H](O)CNCc2cccc(OC)c2)c1,IC50,11.0,nM,CHEMBL4822,Homo sapiens
CHEMBL231325,CCCN(CCC)C(=O)c1cc(C(N)=O)cc(C(=O)N[C@@H](Cc2ccccc2)[C@H](O)CNCc2cccc(OC)c2)c1,IC50,100.0,nM,CHEMBL4822,Homo sapiens
CHEMBL231542,CCCN(CCC)C(=O)c1cc(C)cc(C(=O)N[C@@H](Cc2ccccc2)[C@H](O)CNCc2cccc(OC)c2)c1,IC50,100.0,nM,CHEMBL4822,Homo sapiens
CHEMBL230355,CC(C)S(=O)(=O)N(C)c1cc(C(=O)N[C@@H](Cc2cc(F)cc(F)c2)[C@@H](N)CF)cc(N(C)C[C@H]2C[C@@H]2C)n1,IC50,18.0,nM,CHEMBL4822,Homo sapiens
CHEMBL425828,COC[C@H](N)[C@H](Cc1cc(F)cc(F)c1)NC(=O)c1cc(N(C)C[C@H]2C[C@@H]2C)nc(N(C)S(C)(=O)=O)c1,IC50,12.0,nM,CHEMBL4822,Homo sapiens
CHEMBL230250,CC1CC1CNc1cc(C(=O)N[C@H](CN)Cc2cc(F)cc(F)c2)cc(N(C)S(C)(=O)=O)n1,IC50,34.0,nM,CHEMBL4822,Homo sapiens
CHEMBL395084,CC(C)S(=O)(=O)N(C)c1cc(C(=O)N[C@H](CO)Cc2cc(F)cc(F)c2)cc(NC[C@H]2C[C@@H]2C)n1,IC50,14.0,nM,CHEMBL4822,Homo sapiens
CHEMBL394850,CCCN(CC1CC1)c1cc(C(=O)N[C@H](CO)Cc2cc(F)cc(F)c2)cc(N(C)S(=O)(=O)C(C)C)n1,IC50,350.0,nM,CHEMBL4822,Homo sapiens
CHEMBL230349,CN(c1cc(C(=O)N[C@H](CO)Cc2cc(F)cc(F)c2)cc(NCC2CC2)n1)S(C)(=O)=O,IC50,1100.0,nM,CHEMBL4822,Homo sapiens
CHEMBL230245,CC(C)S(=O)(=O)N(C)c1cc(C(=O)N[C@@H](Cc2ccccc2)[C@@H](N)CF)cc(NC[C@H]2C[C@@H]2C)n1,IC50,2.0,nM,CHEMBL4822,Homo sapiens
CHEMBL559358,COCCCOc1cc(C[C@@H](C[C@H](N)[C@@H](O)C[C@H](C(=O)NCC(C)(C)C(N)=O)C(C)C)C(C)C)ccc1OC.Cl,IC50,10000.0,nM,CHEMBL4822,Homo sapiens
CHEMBL242323,CC(C)CC(NC(=O)[C@H](CC(=O)O)NC(=O)[C@H](CC(C)C)NC(=O)[C@@H](N)CCC(=O)O)P(=O)(O)CC(C)C(=O)N[C@H](C(=O)N[C@@H](CCC(=O)O)C(=O)N[C@@H](Cc1ccccc1)C(=O)O)C(C)C,IC50,675.0,nM,CHEMBL4822,Homo sapiens
CHEMBL390456,CC(C)C[C@H](NC(=O)[C@@H](N)CCC(=O)O)C(=O)N[C@@H](CC(=O)O)C(=O)N[C@@H](CC(C)C)[C@@H](O)C[C@@H](C)C(=O)N[C@H](C(=O)N[C@@H](CCC(=O)O)C(=O)N[C@@H](Cc1ccccc1)C(=O)O)C(C)C,IC50,6.0,nM,CHEMBL4822,Homo sapiens
CHEMBL242315,CC(C)C[C@H](NC(=O)[C@@H](N)CCC(=O)O)C(=O)N[C@@H](CC(=O)O)C(=O)N[C@@H](CC(C)C)P(=O)(O)CC(C)C(=O)N[C@H](C(=O)N[C@@H](CCC(=O)O)C(=O)N[C@@H](Cc1ccccc1)C(=O)O)C(C)C,IC50,12.0,nM,CHEMBL4822,Homo sapiens
CHEMBL389831,CC(C)C[C@H](NC(=O)[C@@H](N)CCC(=O)O)C(=O)N[C@@H](CC(=O)O)C(=O)N[C@H](CC(C)C)P(=O)(O)CC(C)C(=O)N[C@H](C(=O)N[C@@H](CCC(=O)O)C(=O)N[C@@H](Cc1ccccc1)C(=O)O)C(C)C,IC50,2020.0,nM,CHEMBL4822,Homo sapiens
CHEMBL234762,CCCC(CCC)S(=O)(=O)C[C@@H](NC(=O)c1ccccc1)C(=O)N[C@@H](Cc1cc(F)cc(F)c1)[C@H](O)CNCc1cccc(CC)c1,IC50,495.0,nM,CHEMBL4822,Homo sapiens
CHEMBL409950,CCCCS(=O)(=O)C[C@@H](NC(=O)OCc1ccncc1)C(=O)N[C@@H](Cc1cc(F)cc(F)c1)[C@H](O)CNCc1cccc(CC)c1,IC50,11.0,nM,CHEMBL4822,Homo sapiens
CHEMBL409949,CCCCS(=O)(=O)C[C@@H](NC(=O)OCc1cccnc1)C(=O)N[C@@H](Cc1cc(F)cc(F)c1)[C@H](O)CNCc1cccc(CC)c1,IC50,10.0,nM,CHEMBL4822,Homo sapiens
CHEMBL391145,CCCCS(=O)(=O)C[C@@H](NC(=O)OCCNC(C)=O)C(=O)N[C@@H](Cc1cc(F)cc(F)c1)[C@H](O)CNCc1cccc(CC)c1,IC50,27.0,nM,CHEMBL4822,Homo sapiens
CHEMBL409948,CCCCS(=O)(=O)C[C@@H](NC(=O)SC1CCOC1)C(=O)N[C@@H](Cc1cc(F)cc(F)c1)[C@H](O)CNCc1cccc(CC)c1,IC50,15.0,nM,CHEMBL4822,Homo sapiens
CHEMBL231865,CCCCS(=O)(=O)C[C@@H](NC(=O)OCC(F)(F)F)C(=O)N[C@@H](Cc1cc(F)cc(F)c1)[C@H](O)CNCc1cccc(CC)c1,IC50,4.0,nM,CHEMBL4822,Homo sapiens
CHEMBL231864,CCCCS(=O)(=O)CC(NC(=O)OCCC#N)C(=O)N[C@@H](Cc1cc(F)cc(F)c1)[C@H](O)CNCc1cccc(CC)c1,IC50,8.0,nM,CHEMBL4822,Homo sapiens
CHEMBL393733,CCCCS(=O)(=O)C[C@@H](NC(=O)OC)C(=O)N[C@@H](Cc1cc(F)cc(F)c1)[C@H](O)CNCc1cccc(CC)c1,IC50,4.0,nM,CHEMBL4822,Homo sapiens
CHEMBL266531,CCCCS(=O)(=O)C[C@@H](NC(=O)c1cnccc1O)C(=O)N[C@@H](Cc1cc(F)cc(F)c1)[C@H](O)CNCc1cccc(CC)c1,IC50,5.0,nM,CHEMBL4822,Homo sapiens
CHEMBL391144,CCCCS(=O)(=O)C[C@@H](NC(=O)c1ncc[nH]1)C(=O)N[C@@H](Cc1cc(F)cc(F)c1)[C@H](O)CNCc1cccc(CC)c1,IC50,4.0,nM,CHEMBL4822,Homo sapiens
CHEMBL409875,CCCCS(=O)(=O)C[C@@H](NC(=O)c1cnccn1)C(=O)N[C@@H](Cc1cc(F)cc(F)c1)[C@H](O)CNCc1cccc(CC)c1,IC50,4.0,nM,CHEMBL4822,Homo sapiens
CHEMBL409947,CCCCS(=O)(=O)C[C@@H](NC(=O)c1cc(C)[nH]n1)C(=O)N[C@@H](Cc1cc(F)cc(F)c1)[C@H](O)CNCc1cccc(CC)c1,IC50,4.0,nM,CHEMBL4822,Homo sapiens
CHEMBL394271,CCCCS(=O)(=O)C[C@@H](NC(=O)c1ccncc1)C(=O)N[C@@H](Cc1cc(F)cc(F)c1)[C@H](O)CNCc1cccc(CC)c1,IC50,5.0,nM,CHEMBL4822,Homo sapiens
CHEMBL231669,CCCCS(=O)(=O)C[C@@H](NC(=O)C1CC1)C(=O)N[C@@H](Cc1cc(F)cc(F)c1)[C@H](O)CNCc1cccc(CC)c1,IC50,10.0,nM,CHEMBL4822,Homo sapiens
CHEMBL398775,CCCCS(=O)(=O)C[C@@H](NC(=O)COC)C(=O)N[C@@H](Cc1cc(F)cc(F)c1)[C@H](O)CNCc1cccc(CC)c1,IC50,22.0,nM,CHEMBL4822,Homo sapiens
CHEMBL232490,CCCCS(=O)(=O)C[C@@H](NC(C)=O)C(=O)N[C@@H](Cc1cc(F)cc(F)c1)[C@H](O)CNCc1cccc(CC)c1,IC50,13.0,nM,CHEMBL4822,Homo sapiens
CHEMBL266567,CCCCS(=O)(=O)C[C@@H](NC(=O)c1cccnc1)C(=O)N[C@@H](Cc1cc(F)cc(F)c1)[C@H](O)CNCc1cccc(CC)c1,IC50,2.0,nM,CHEMBL4822,Homo sapiens
CHEMBL414145,CCCC(CCC)S(=O)(=O)C[C@@H](NC(=O)OC)C(=O)N[C@@H](Cc1cc(F)cc(F)c1)[C@H](O)CNCc1cccc(CC)c1,IC50,3.0,nM,CHEMBL4822,Homo sapiens
CHEMBL394270,CCCC(CCC)S(=O)(=O)C[C@@H](NC(=O)OCc1ccncc1)C(=O)N[C@@H](Cc1cc(F)cc(F)c1)[C@H](O)CNCc1cccc(CC)c1,IC50,3.0,nM,CHEMBL4822,Homo sapiens
CHEMBL414776,CCCC(CCC)S(=O)(=O)C[C@@H](NC(=O)OCc1cccnc1)C(=O)N[C@@H](Cc1cc(F)cc(F)c1)[C@H](O)CNCc1cccc(CC)c1,IC50,4.0,nM,CHEMBL4822,Homo sapiens
CHEMBL231863,CCCC(CCC)S(=O)(=O)C[C@@H](NC(=O)OCc1ccccc1)C(=O)N[C@@H](Cc1cc(F)cc(F)c1)[C@H](O)CNCc1cccc(CC)c1,IC50,3.0,nM,CHEMBL4822,Homo sapiens
CHEMBL231862,CCCC(CCC)S(=O)(=O)C[C@@H](NC(=O)c1cccnc1)C(=O)N[C@@H](Cc1cc(F)cc(F)c1)[C@H](O)CNCc1cccc(CC)c1,IC50,1.0,nM,CHEMBL4822,Homo sapiens
CHEMBL266566,CCCC(CCC)S(=O)(=O)C[C@@H](NC(=O)c1cccc(O)c1)C(=O)N[C@@H](Cc1cc(F)cc(F)c1)[C@H](O)CNCc1cccc(CC)c1,IC50,2.0,nM,CHEMBL4822,Homo sapiens
CHEMBL393140,CCCC(CCC)S(=O)(=O)C[C@@H](NC(=O)c1ccccc1C)C(=O)N[C@@H](Cc1cc(F)cc(F)c1)[C@H](O)CNCc1cccc(CC)c1,IC50,15.0,nM,CHEMBL4822,Homo sapiens
CHEMBL266565,CCCC(CCC)S(=O)(=O)C[C@@H](NC(=O)c1cccc(Cl)c1)C(=O)N[C@@H](Cc1cc(F)cc(F)c1)[C@H](O)CNCc1cccc(CC)c1,IC50,5.0,nM,CHEMBL4822,Homo sapiens
CHEMBL234555,CCCC(CCC)S(=O)(=O)C[C@@H](NC(=O)c1ccc(C(F)(F)F)cc1)C(=O)N[C@@H](Cc1cc(F)cc(F)c1)[C@H](O)CNCc1cccc(CC)c1,IC50,53.0,nM,CHEMBL4822,Homo sapiens
CHEMBL231861,CCCC(CCC)S(=O)(=O)C[C@@H](NC(=O)c1ccc(OC)cc1)C(=O)N[C@@H](Cc1cc(F)cc(F)c1)[C@H](O)CNCc1cccc(CC)c1,IC50,2.0,nM,CHEMBL4822,Homo sapiens
CHEMBL412852,CCCC(CCC)S(=O)(=O)C[C@@H](NC(=O)c1ccc(C)cc1)C(=O)N[C@@H](Cc1cc(F)cc(F)c1)[C@H](O)CNCc1cccc(CC)c1,IC50,4.0,nM,CHEMBL4822,Homo sapiens
CHEMBL236850,NC(N)=NC(=O)Cc1c(-c2ccccc2)csc1-c1ccccc1,IC50,8300.0,nM,CHEMBL4822,Homo sapiens
CHEMBL237494,CCC(CC)NC(=O)c1ccc(-c2scc(-c3ccccc3Cl)c2CC(=O)/N=C(/N)NCCCO)cc1,IC50,930.0,nM,CHEMBL4822,Homo sapiens
CHEMBL391109,CCCCNC(=O)c1ccc(-c2scc(-c3ccccc3Cl)c2CC(=O)/N=C(/N)NCCCO)cc1,IC50,280.0,nM,CHEMBL4822,Homo sapiens
CHEMBL237493,N/C(=N/C(=O)Cc1c(-c2ccccc2Cl)csc1-c1ccc(C(=O)NCC2CC2)cc1)NCCCO,IC50,140.0,nM,CHEMBL4822,Homo sapiens
CHEMBL237284,CCCNC(=O)c1ccc(-c2scc(-c3ccccc3Cl)c2CC(=O)/N=C(/N)NCCCO)cc1,IC50,260.0,nM,CHEMBL4822,Homo sapiens
CHEMBL237283,N/C(=N/C(=O)Cc1c(-c2ccccc2Cl)csc1-c1ccc(C(=O)NCC(F)(F)F)cc1)NCCCO,IC50,200.0,nM,CHEMBL4822,Homo sapiens
CHEMBL391108,CCCOc1ccc(-c2scc(-c3ccccc3Cl)c2CC(=O)/N=C(/N)NCCCO)c(C)c1,IC50,1550.0,nM,CHEMBL4822,Homo sapiens
CHEMBL237282,CCCOc1ccc(-c2scc(-c3ccccc3Cl)c2CC(=O)/N=C(/N)NCCCO)cc1C,IC50,1540.0,nM,CHEMBL4822,Homo sapiens
CHEMBL237063,CCCOc1ccc(-c2scc(-c3ccccc3Cl)c2CC(=O)/N=C(/N)NCCCO)cc1,IC50,150.0,nM,CHEMBL4822,Homo sapiens
CHEMBL391087,CCCOc1ccc(-c2csc(-c3ccccc3Cl)c2CC(=O)NC(=N)N)cc1,IC50,590.0,nM,CHEMBL4822,Homo sapiens
CHEMBL237062,CCCOc1ccc(-c2scc(-c3ccccc3Cl)c2CC(=O)N=C(N)N)cc1,IC50,630.0,nM,CHEMBL4822,Homo sapiens
CHEMBL237061,CCCOc1ccc(-c2csc(-c3ccccc3)c2CC(=O)N=C(N)N)cc1,IC50,1890.0,nM,CHEMBL4822,Homo sapiens
CHEMBL236852,CCCOc1ccc(-c2scc(-c3ccccc3)c2CC(=O)N=C(N)N)cc1,IC50,680.0,nM,CHEMBL4822,Homo sapiens
CHEMBL393559,NC(N)=NC(=O)Cc1c(-c2ccccc2Cl)csc1-c1ccc(OCCc2cn[nH]c2)cc1,IC50,6900.0,nM,CHEMBL4822,Homo sapiens
CHEMBL236851,CC(=O)c1ccc(Oc2ccc(-c3scc(-c4ccccc4Cl)c3CC(=O)N=C(N)N)cc2)cc1,IC50,750.0,nM,CHEMBL4822,Homo sapiens
CHEMBL400438,CN(c1cc2cc(c1)C(=O)N[C@@H](c1ccccc1)CCc1cccc(c1)C[C@@](C)(N)C(=O)OC2)S(C)(=O)=O,IC50,2.0,nM,CHEMBL4822,Homo sapiens
CHEMBL238409,C[C@@H](NC(c1cc(-c2nnc([C@](C)(N)Cc3ccc(F)cc3)o2)cc(N(C)S(C)(=O)=O)c1)C(F)(F)F)c1ccc(F)cc1,IC50,15000.0,nM,CHEMBL4822,Homo sapiens
CHEMBL392564,CN(c1cc2cc(c1)C(C(F)(F)F)N[C@@H](c1ccccc1)CCc1cccc(c1)C[C@@](C)(N)C(=O)OC2)S(C)(=O)=O,IC50,3700.0,nM,CHEMBL4822,Homo sapiens
CHEMBL399595,CN(c1cc2cc(n1)CCCCCc1cccc(c1)C[C@@](C)(N)C(=O)OC2)S(C)(=O)=O,IC50,15000.0,nM,CHEMBL4822,Homo sapiens
CHEMBL235854,CN(c1cc2cc(n1)CCC(c1ccccc1)CCc1cccc(c1)C[C@@](C)(N)C(=O)OC2)S(C)(=O)=O,IC50,7000.0,nM,CHEMBL4822,Homo sapiens
CHEMBL235853,CC1CCc2cccc(c2)C[C@@](C)(N)C(=O)OCc2cc(nc(N(C)S(C)(=O)=O)c2)CC1,IC50,1800.0,nM,CHEMBL4822,Homo sapiens
CHEMBL394225,CC1CCc2cccc(c2)C[C@@](C)(N)C(=O)OCc2cc(cc(N(C)S(C)(=O)=O)c2)CC1,IC50,1700.0,nM,CHEMBL4822,Homo sapiens
CHEMBL394224,CN(c1cc2cc(n1)N(CC1CC1)CCCCc1cccc(c1)C[C@@](C)(N)C(=O)OC2)S(C)(=O)=O,IC50,6000.0,nM,CHEMBL4822,Homo sapiens
CHEMBL442238,CC(C)N1CCCCc2cccc(c2)C[C@@](C)(N)C(=O)OCc2cc1nc(N(C)S(C)(=O)=O)c2,IC50,22000.0,nM,CHEMBL4822,Homo sapiens
CHEMBL235645,CN(c1cc2cc(n1)N(Cc1ccccc1)CCCCc1cccc(c1)C[C@@](C)(N)C(=O)OC2)S(C)(=O)=O,IC50,13000.0,nM,CHEMBL4822,Homo sapiens
CHEMBL392361,CN(c1cc2cc(n1)NCCCCc1cccc(c1)C[C@@](C)(N)C(=O)OC2)S(C)(=O)=O,IC50,400.0,nM,CHEMBL4822,Homo sapiens
CHEMBL235820,C[C@H](NC(=O)OC[C@H](O)[C@H](Cc1ccccc1)NC(=O)c1ccc(S(C)(=O)=O)cc1)C(=O)N[C@@H](CCC(=O)O)C(=O)N[C@@H](Cc1ccccc1)C(=O)O,IC50,30000.0,nM,CHEMBL4822,Homo sapiens
CHEMBL236777,Nc1nc(CCc2ccc3cc[nH]c3c2)cc(=O)[nH]1,IC50,130000.0,nM,CHEMBL4822,Homo sapiens
CHEMBL392662,COc1cccc(-c2cccc(C3(C)CC(=O)N(C)C(N)=N3)c2)c1,IC50,670.0,nM,CHEMBL4822,Homo sapiens
CHEMBL239425,CN1C(=O)CC(C)(c2ccc(Cl)c(Cl)c2)N=C1N,IC50,7500.0,nM,CHEMBL4822,Homo sapiens
CHEMBL397162,CC1(c2ccc(Cl)c(Cl)c2)CC(=O)NC(N)=N1,IC50,79000.0,nM,CHEMBL4822,Homo sapiens
CHEMBL235763,NC1=NC(c2ccc(Cl)c(Cl)c2)CC(=O)N1,IC50,480000.0,nM,CHEMBL4822,Homo sapiens
CHEMBL238087,CC1(c2ccccc2)CC(=O)NC(N)=N1,IC50,140000.0,nM,CHEMBL4822,Homo sapiens
CHEMBL235754,COc1cccc(-c2cccc(CCc3cc(=O)n(C)c(N)n3)c2)c1,IC50,5700.0,nM,CHEMBL4822,Homo sapiens
CHEMBL396830,Cn1c(N)nc(CCc2cccc(-c3ccc[nH]3)c2)cc1=O,IC50,51000.0,nM,CHEMBL4822,Homo sapiens
CHEMBL235753,Cn1c(N)nc(CCc2cccc(-c3cccnc3)c2)cc1=O,IC50,24000.0,nM,CHEMBL4822,Homo sapiens
CHEMBL237891,Cn1c(N)nc(CCc2ccc3cc[nH]c3c2)cc1=O,IC50,16000.0,nM,CHEMBL4822,Homo sapiens
CHEMBL237889,Cn1c(N)nc(CCc2ccc3ccccc3c2)cc1=O,IC50,28000.0,nM,CHEMBL4822,Homo sapiens
CHEMBL237888,Cn1c(N)nc(CCc2ccccc2)cc1=O,IC50,180000.0,nM,CHEMBL4822,Homo sapiens
CHEMBL239857,COc1cccc(-c2cccc(CC[C@]3(C)CC(=O)N(C)C(N)=N3)c2)c1,IC50,80.0,nM,CHEMBL4822,Homo sapiens
CHEMBL239641,COc1cccc(-c2cccc(CC[C@@]3(C)CC(=O)N(C)C(N)=N3)c2)c1,IC50,35000.0,nM,CHEMBL4822,Homo sapiens
CHEMBL393911,COc1cccc(-c2cccc(CCC3(C)CC(=O)N(C)C(N)=N3)c2)c1,IC50,200.0,nM,CHEMBL4822,Homo sapiens
CHEMBL239640,CN1C(=O)CC(C)(CCc2cccc(-c3ccccc3)c2)N=C1N,IC50,1600.0,nM,CHEMBL4822,Homo sapiens
CHEMBL239639,CN1C(=O)CC(C)(CCc2ccccc2)N=C1N,IC50,34000.0,nM,CHEMBL4822,Homo sapiens
CHEMBL239638,CN1C(=O)CC(C)(c2ccccc2)N=C1N,IC50,2000.0,nM,CHEMBL4822,Homo sapiens
CHEMBL393501,Cn1c(N)nc(CCc2cccc(-c3ccccc3)c2)cc1=O,IC50,29000.0,nM,CHEMBL4822,Homo sapiens
CHEMBL396338,C[C@H]1C[C@@H]1CNc1cc(C(=O)N[C@H](CO)Cc2cc(F)cc(F)c2)cc(N(C)S(C)(=O)=O)n1,IC50,74.0,nM,CHEMBL4822,Homo sapiens
CHEMBL429477,COCCN(C[C@H]1C[C@@H]1C)c1cc(C(=O)N[C@@H](Cc2ccccc2)[C@@H](N)COC)cc(N(C)S(=O)(=O)C(C)C)n1,IC50,6.0,nM,CHEMBL4822,Homo sapiens
CHEMBL248245,CCOC[C@H](N)[C@H](Cc1ccccc1)NC(=O)c1cc(N(C)C[C@H]2C[C@@H]2C)nc(N(C)S(=O)(=O)C(C)C)c1,IC50,24.0,nM,CHEMBL4822,Homo sapiens
CHEMBL401008,COC[C@H](N)[C@H](Cc1ccccc1)NC(=O)c1cc(N(C)C[C@H]2C[C@@H]2C)nc(N(C)S(=O)(=O)C(C)C)c1,IC50,24.0,nM,CHEMBL4822,Homo sapiens
CHEMBL248228,COC[C@H](N)[C@H](Cc1ccccc1)NC(=O)c1cc(N(C)C[C@H]2C[C@@H]2C)nc(N(C)S(C)(=O)=O)c1,IC50,12.0,nM,CHEMBL4822,Homo sapiens
CHEMBL399113,CCCN(c1cc(C(=O)N[C@@H](Cc2ccccc2)[C@H](C)N)cc(N(C)C[C@H]2C[C@@H]2C)n1)S(C)(=O)=O,IC50,67.0,nM,CHEMBL4822,Homo sapiens
CHEMBL248056,CCCC[C@H](N)[C@H](Cc1ccccc1)NC(=O)c1cc(N(C)C[C@H]2C[C@@H]2C)nc(N(CCC)S(C)(=O)=O)c1,IC50,39.0,nM,CHEMBL4822,Homo sapiens
CHEMBL248223,CCCC[C@H](N)[C@H](Cc1ccccc1)NC(=O)c1cc(N(C)C[C@H]2C[C@@H]2C)nc(N(C)S(C)(=O)=O)c1,IC50,31.0,nM,CHEMBL4822,Homo sapiens
CHEMBL247596,CC1CC1CNc1cc(C(=O)N[C@@H](Cc2ccsc2)[C@H](C)N)cc(N(C)S(C)(=O)=O)n1,IC50,32.0,nM,CHEMBL4822,Homo sapiens
CHEMBL440957,CCCC[C@H](N)[C@H](Cc1ccsc1)NC(=O)c1cc(NCC2CC2C)nc(N(C)S(C)(=O)=O)c1,IC50,11.0,nM,CHEMBL4822,Homo sapiens
CHEMBL247416,CC1CC1CNc1cc(C(=O)N[C@@H](Cc2ccccc2)[C@@H](N)CCC(F)(F)F)cc(N(C)S(C)(=O)=O)n1,IC50,2.0,nM,CHEMBL4822,Homo sapiens
CHEMBL247415,CCCC[C@H](N)[C@H](Cc1ccccc1)NC(=O)c1cc(NCC2CC2C)nc(N(C)S(C)(=O)=O)c1,IC50,20.0,nM,CHEMBL4822,Homo sapiens
CHEMBL393850,CC1CC1CNc1cc(C(=O)N[C@H](CN)Cc2ccccc2)cc(N(C)S(C)(=O)=O)n1,IC50,34.0,nM,CHEMBL4822,Homo sapiens
CHEMBL247043,CCCC[C@H](N)[C@H](Cc1cc(F)cc(F)c1)NC(=O)c1cc(NCC2CC2C)nc(N(C)S(C)(=O)=O)c1,IC50,9.0,nM,CHEMBL4822,Homo sapiens
CHEMBL247595,CCCC[C@H](O)[C@H](Cc1cc(F)cc(F)c1)NC(=O)c1cc(NCC2CC2C)nc(N(C)S(C)(=O)=O)c1,IC50,13.0,nM,CHEMBL4822,Homo sapiens
CHEMBL248699,CCCN(c1cc2cc(c1)C(=O)N[C@@H](c1ccccc1)CCc1cccc(c1)C[C@@](C)(N)COC2)S(C)(=O)=O,IC50,17.0,nM,CHEMBL4822,Homo sapiens
CHEMBL399425,C[C@@]1(N)Cc2ccc(F)c(c2)CC[C@H](c2ccc(F)cc2)NC(=O)c2cc(cc(-c3cccc(F)c3C#N)c2)COC1=O,IC50,46.0,nM,CHEMBL4822,Homo sapiens
CHEMBL399362,C[C@@]1(N)Cc2cccc(c2)CC[C@H](c2ccc(F)cc2)NC(=O)c2cc(cc(-c3cccc(F)c3C#N)c2)COC1=O,IC50,22.0,nM,CHEMBL4822,Homo sapiens
CHEMBL401181,C[C@@]1(N)Cc2cccc(c2F)CC[C@H](c2ccc(F)cc2)NC(=O)c2cc(cc(-c3ccccc3C#N)c2)COC1=O,IC50,78.0,nM,CHEMBL4822,Homo sapiens
CHEMBL251310,C[C@@]1(N)Cc2ccc(F)c(c2)CC[C@H](c2ccc(F)cc2)NC(=O)c2cc(cc(-c3ccccc3C#N)c2)COC1=O,IC50,46.0,nM,CHEMBL4822,Homo sapiens
CHEMBL251309,C[C@@]1(N)Cc2cc(F)cc(c2)CC[C@H](c2ccc(F)cc2)NC(=O)c2cc(cc(-c3ccccc3C#N)c2)COC1=O,IC50,130.0,nM,CHEMBL4822,Homo sapiens
CHEMBL401180,C[C@@]1(N)Cc2cccc(c2)CC[C@H](c2ccccc2)NC(=O)c2cc(cc(-c3ccccc3C#N)c2)COC1=O,IC50,27.0,nM,CHEMBL4822,Homo sapiens
CHEMBL251307,C[C@@]1(N)Cc2cccc(c2)CC[C@H](c2ccccc2)NC(=O)c2cc(cc(-c3ncco3)c2)COC1=O,IC50,780.0,nM,CHEMBL4822,Homo sapiens
CHEMBL251118,C[C@@]1(N)Cc2cccc(c2)CC[C@H](c2ccccc2)NC(=O)c2cc(Br)cc(c2)COC1=O,IC50,270.0,nM,CHEMBL4822,Homo sapiens
CHEMBL427884,CN(C)S(=O)(=O)N(C)c1cc2cc(c1)C(=O)N[C@@H](c1ccccc1)CCc1cccc(c1)C[C@@](C)(N)C(=O)OC2,IC50,4.0,nM,CHEMBL4822,Homo sapiens
CHEMBL250918,CN(c1cc2cc(c1)C(=O)N[C@@H](c1ccccc1)CCc1cccc(c1)C[C@@](C)(N)C(=O)OC2)S(=O)(=O)C(F)(F)F,IC50,38.0,nM,CHEMBL4822,Homo sapiens
CHEMBL402921,CN(c1cc2cc(c1)C(=O)N[C@@H](c1ccccc1)CCc1cccc(c1)C[C@@](C)(N)C(=O)OC2)S(=O)(=O)CC(F)(F)F,IC50,16.0,nM,CHEMBL4822,Homo sapiens
CHEMBL398839,CCCN(c1cc2cc(c1)C(=O)N[C@@H](C1CC1)CCc1cccc(c1)C[C@@](C)(N)COC2)S(C)(=O)=O,IC50,1100.0,nM,CHEMBL4822,Homo sapiens
CHEMBL248876,C#C[C@H]1CCc2cccc(c2)C[C@@](C)(N)COCc2cc(cc(N(CCC)S(C)(=O)=O)c2)C(=O)N1,IC50,53.0,nM,CHEMBL4822,Homo sapiens
CHEMBL250712,CCCN(c1cc2cc(c1)C(=O)N[C@@H](C(C)C)CCc1cccc(c1)C[C@@](C)(N)COC2)S(C)(=O)=O,IC50,175.0,nM,CHEMBL4822,Homo sapiens
CHEMBL399276,CCCN(c1cc2cc(c1)C(=O)N[C@@H](CC)CCc1cccc(c1)C[C@@](C)(N)COC2)S(C)(=O)=O,IC50,85.0,nM,CHEMBL4822,Homo sapiens
CHEMBL399776,CCCN(c1cc2cc(c1)C(=O)N[C@@H](C)CCc1cccc(c1)C[C@@](C)(N)COC2)S(C)(=O)=O,IC50,290.0,nM,CHEMBL4822,Homo sapiens
CHEMBL429666,CCCN(c1cc2cc(c1)C(=O)N[C@@H](c1ccc(F)cc1)CCc1cccc(c1)C[C@@](C)(N)COC2)S(C)(=O)=O,IC50,10.0,nM,CHEMBL4822,Homo sapiens
CHEMBL251533,CC(C)S(=O)(=O)N(C)c1cc2cc(c1)C(=O)N[C@@H](c1ccccc1)CCc1cccc(c1)C[C@@](C)(N)COC2,IC50,196.0,nM,CHEMBL4822,Homo sapiens
CHEMBL438691,CCS(=O)(=O)N(C)c1cc2cc(c1)C(=O)N[C@@H](c1ccccc1)CCc1cccc(c1)C[C@@](C)(N)COC2,IC50,56.0,nM,CHEMBL4822,Homo sapiens
CHEMBL250295,C[C@@]1(N)Cc2cccc(c2)CC[C@H](c2ccccc2)NC(=O)c2cc(cc(N(c3ccccc3)S(C)(=O)=O)c2)COC1=O,IC50,1.0,nM,CHEMBL4822,Homo sapiens
CHEMBL248884,C[C@]1(N)COCc2cc(cc(N(c3ccccc3)S(C)(=O)=O)c2)C(=O)N[C@@H](c2ccccc2)CCc2cccc(c2)C1,IC50,12.0,nM,CHEMBL4822,Homo sapiens
CHEMBL250120,CN(c1cc2cc(c1)C(=O)N[C@@H](c1ccccc1)CCc1cccc(c1)C[C@@](C)(N)COC2)S(C)(=O)=O,IC50,49.0,nM,CHEMBL4822,Homo sapiens
CHEMBL400530,CCCN(c1cc2cc(c1)C(=O)N[C@@H](c1ccccc1)CCc1cccc(c1)C[C@@](C)(N)C(=O)OC2)S(C)(=O)=O,IC50,2.0,nM,CHEMBL4822,Homo sapiens
CHEMBL401141,CCCC(CCC)S(=O)(=O)CCC(=O)N[C@@H](Cc1ccccc1)[C@H](O)CNCc1cccc(OC)c1,IC50,314.0,nM,CHEMBL4822,Homo sapiens
CHEMBL443239,CCCN(CCC)C(=O)c1cccc(C(=O)N[C@@H](Cc2ccccc2)[C@H](O)CNCc2cccc(OC)c2)c1,IC50,500.0,nM,CHEMBL4822,Homo sapiens
CHEMBL253800,CCCC(CCC)S(=O)(=O)CC(NC(=O)OCc1ccccc1)C(=O)N[C@@H](Cc1ccccc1)[C@H](O)CNCc1cccc(OC)c1,IC50,112.0,nM,CHEMBL4822,Homo sapiens
CHEMBL253165,CCCCN(CCCC)S(=O)(=O)CCC(=O)N[C@@H](Cc1ccccc1)[C@H](O)CNCc1cccc(OC)c1,IC50,484.0,nM,CHEMBL4822,Homo sapiens
CHEMBL252962,CCCN(CCC)S(=O)(=O)CCCC(=O)N[C@@H](Cc1ccccc1)[C@H](O)CNCc1cccc(OC)c1,IC50,7950.0,nM,CHEMBL4822,Homo sapiens
CHEMBL252961,CCCN(CCC)S(=O)(=O)CCC(=O)N[C@@H](Cc1ccccc1)[C@H](O)CNCc1cccc(OC)c1,IC50,1090.0,nM,CHEMBL4822,Homo sapiens
CHEMBL401338,COc1cccc(CNC[C@@H](O)[C@H](Cc2ccccc2)NC(=O)CCS(=O)(=O)NCCC(C)C)c1,IC50,5015.0,nM,CHEMBL4822,Homo sapiens
CHEMBL252960,COc1cccc(CNC[C@@H](O)[C@H](Cc2ccccc2)NC(=O)CCS(=O)(=O)N2CCCCC2)c1,IC50,3785.0,nM,CHEMBL4822,Homo sapiens
CHEMBL252756,COc1cccc(CNC[C@@H](O)[C@H](Cc2ccccc2)NC(=O)CCCS(=O)(=O)N2CCCCC2)c1,IC50,6461.0,nM,CHEMBL4822,Homo sapiens
CHEMBL252755,CCCC(C)S(=O)(=O)CCC(=O)N[C@@H](Cc1ccccc1)[C@H](O)CNCc1cccc(OC)c1,IC50,5614.0,nM,CHEMBL4822,Homo sapiens
CHEMBL252754,COc1cccc(CNC[C@@H](O)[C@H](Cc2ccccc2)NC(=O)CCCS(=O)(=O)CCC(C)C)c1,IC50,20000.0,nM,CHEMBL4822,Homo sapiens
CHEMBL252549,COc1cccc(CNC[C@@H](O)[C@H](Cc2ccccc2)NC(=O)CCS(C)(=O)=O)c1,IC50,20000.0,nM,CHEMBL4822,Homo sapiens
CHEMBL398925,COc1cccc(CNC[C@@H](O)[C@H](Cc2ccccc2)NC(=O)CCS(=O)(=O)C2CCCCC2)c1,IC50,3670.0,nM,CHEMBL4822,Homo sapiens
CHEMBL252548,COc1cccc(CNC[C@@H](O)[C@H](Cc2ccccc2)NC(=O)CCCS(=O)(=O)C2CCCCC2)c1,IC50,20000.0,nM,CHEMBL4822,Homo sapiens
CHEMBL437961,COc1cccc(CNC[C@@H](O)[C@H](Cc2ccccc2)NC(=O)CCS(=O)(=O)c2ccccc2)c1,IC50,5214.0,nM,CHEMBL4822,Homo sapiens
CHEMBL252547,COc1cccc(CNC[C@@H](O)[C@H](Cc2ccccc2)NC(=O)CCCS(=O)(=O)c2ccccc2)c1,IC50,4131.0,nM,CHEMBL4822,Homo sapiens
CHEMBL399749,COc1cccc(CNC[C@@H](O)[C@H](Cc2ccccc2)NC(=O)CCCCS(=O)(=O)c2ccccc2)c1,IC50,20000.0,nM,CHEMBL4822,Homo sapiens
CHEMBL254626,Cc1cccc(C(=O)N[C@@H](Cc2cc(F)cc(F)c2)[C@H](O)CNCc2cccc(I)c2)c1,IC50,4100.0,nM,CHEMBL4822,Homo sapiens
CHEMBL254625,CCCN(CCC)C(=O)c1cccc(C(=O)N[C@@H](Cc2ccccc2)[C@H](O)CNCc2cccc(I)c2)c1,IC50,310.0,nM,CHEMBL4822,Homo sapiens
CHEMBL401320,CC(=O)c1ccccc1-c1cc(C(=O)N[C@@H](Cc2ccccc2)[C@H](O)CN2CCC2)cc(C(=O)N[C@H](C)c2ccccc2)c1,IC50,10000.0,nM,CHEMBL4822,Homo sapiens
CHEMBL401319,CC(=O)c1ccccc1-c1cc(C(=O)N[C@@H](Cc2ccccc2)[C@H](O)CN(C)Cc2ccccc2)cc(C(=O)N[C@H](C)c2ccccc2)c1,IC50,10000.0,nM,CHEMBL4822,Homo sapiens
CHEMBL251970,CC(=O)c1ccccc1-c1cc(C(=O)N[C@@H](Cc2ccccc2)[C@H](O)CN[C@H](C)c2ccccc2)cc(C(=O)N[C@H](C)c2ccccc2)c1,IC50,348.0,nM,CHEMBL4822,Homo sapiens
CHEMBL401318,CC(=O)c1ccccc1-c1cc(C(=O)N[C@@H](Cc2ccccc2)[C@H](O)CN[C@@H](C)c2ccccc2)cc(C(=O)N[C@H](C)c2ccccc2)c1,IC50,115.0,nM,CHEMBL4822,Homo sapiens
CHEMBL400916,CC(=O)c1ccccc1-c1cc(C(=O)N[C@@H](Cc2ccccc2)[C@H](O)CNc2ccccc2)cc(C(=O)N[C@H](C)c2ccccc2)c1,IC50,110.0,nM,CHEMBL4822,Homo sapiens
CHEMBL254634,CC(=O)c1ccccc1-c1cc(C(=O)N[C@@H](Cc2ccccc2)[C@H](O)CNCc2ccccc2)cc(C(=O)N[C@H](C)c2ccccc2)c1,IC50,115.0,nM,CHEMBL4822,Homo sapiens
CHEMBL254633,CC(=O)c1ccccc1-c1cc(C(=O)N[C@@H](Cc2ccccc2)[C@H](O)CNC2CCC2)cc(C(=O)N[C@H](C)c2ccccc2)c1,IC50,1400.0,nM,CHEMBL4822,Homo sapiens
CHEMBL267053,CC(=O)c1ccccc1-c1cc(C(=O)N[C@@H](Cc2ccccc2)[C@H](O)CNCC2CC2)cc(C(=O)N[C@H](C)c2ccccc2)c1,IC50,418.0,nM,CHEMBL4822,Homo sapiens
CHEMBL399748,CC(=O)c1ccccc1-c1cc(C(=O)N[C@@H](Cc2ccccc2)[C@H](O)CNC2CC2)cc(C(=O)N[C@H](C)c2ccccc2)c1,IC50,317.0,nM,CHEMBL4822,Homo sapiens
CHEMBL253557,CC(=O)c1ccccc1-c1cc(C(=O)N[C@@H](Cc2ccccc2)[C@H](O)CNC(C)C)cc(C(=O)N[C@H](C)c2ccccc2)c1,IC50,674.0,nM,CHEMBL4822,Homo sapiens
CHEMBL253799,C=CCNC[C@@H](O)[C@H](Cc1ccccc1)NC(=O)c1cc(C(=O)N[C@H](C)c2ccccc2)cc(-c2ccccc2C(C)=O)c1,IC50,223.0,nM,CHEMBL4822,Homo sapiens
