molecule_chembl_id,canonical_smiles,standard_value,rf_prediction,svr_prediction
CHEMBL162970,CC(C)S(=O)(=O)N(C)c1cc(C(=O)N[C@@H](Cc2ccccc2)[C@H](O)CNC2CC2)cc(C(=O)N[C@H](C)c2ccccc2)c1,41.0,238.11183333333335,650.5891718088335
CHEMBL437425,CC[C@H](C)[C@H](NC(=O)[C@H](CCC(=O)O)NC(=O)[C@H](CCC(=O)O)NC(=O)[C@@H](NC(=O)[C@H](CCCCN)NC(=O)[C@@H](NC(=O)[C@H](CC(N)=O)NC(=O)[C@@H](N)[C@@H](C)O)[C@@H](C)CC)[C@@H](C)O)C(=O)N[C@@H](CO)C(=O)N[C@@H](CCC(=O)O)C(=O)N[C@H](C(=O)N[C@@H](CC(N)=O)C(=O)N[C@@H](CC(C)C)C(=O)N[C@@H](CC(=O)O)C(=O)N[C@@H](C)C(=O)N[C@@H](CCC(=O)O)C(=O)N[C@@H](Cc1ccccc1)C(=O)N[C@@H](CCCN=C(N)N)C(=O)O)C(C)C,200000.0,107269.5962020202,752.1930860006538
CHEMBL220896,Nc1ncccc1NCc1cccc(-c2ccc3cc[nH]c3c2)c1,9100.0,87342.996,701.4860908342661
CHEMBL89438,CSCC[C@H](NC(=O)[C@@H](NC(C)=O)C(C)C)C(=O)NC(CC(C)C)C(O)CC(=O)N[C@H](C(=O)O)C(C)C,100000.0,23410.918333333335,689.8222091825621
CHEMBL205637,COc1ccc2c(CC(=O)Nc3cc(Br)ccc3N3CCN(S(=O)(=O)c4cccs4)CC3)cc(=O)oc2c1,1130.0,6545.5126666666665,716.8995538538436
CHEMBL89703,CSCC[C@H](NC(=O)[C@@H](NC(C)=O)C(C)C)C(=O)NC(CC(C)C)C(O)CC(=O)N[C@@H](Cc1ccccc1)C(=O)N[C@@H](C)C(=O)N[C@@H](CCC(=O)O)C(=O)N[C@@H](Cc1ccccc1)C(=O)O,15000.0,16192.175555555554,689.5245029107554
CHEMBL190010,CSCC[C@H](NC(=O)[C@H](CC(C)C)NC(C)=O)C(=O)N[C@@H](CC(C)C)[C@@H](O)[C@@H]1CCC[C@H]1C(=O)N[C@@H](C)C(=O)O,60.0,5406.823333333334,684.1413701212609
CHEMBL399776,CCCN(c1cc2cc(c1)C(=O)N[C@@H](C)CCc1cccc(c1)C[C@@](C)(N)COC2)S(C)(=O)=O,290.0,8633.016666666666,687.5213806017808
CHEMBL400916,CC(=O)c1ccccc1-c1cc(C(=O)N[C@@H](Cc2ccccc2)[C@H](O)CNc2ccccc2)cc(C(=O)N[C@H](C)c2ccccc2)c1,110.0,61198.958999999995,641.2567966419597
CHEMBL401338,COc1cccc(CNC[C@@H](O)[C@H](Cc2ccccc2)NC(=O)CCS(=O)(=O)NCCC(C)C)c1,5015.0,13352.208333333334,662.8729166839795
CHEMBL143239,CC(C)[C@H](NC(=O)C[C@H](O)[C@H](Cc1cc(F)cc(F)c1)NC(=O)C(O)c1ccccc1-c1ccccc1)C(=O)Nc1cc(C(=O)O)cc(C(=O)O)c1,20.0,6780.7202777777775,665.2871645732043
CHEMBL363539,COCCCNC(=O)c1cc(NC(=O)Nc2cc(C(F)(F)F)cc(C(F)(F)F)c2)ccc1N(C)C,283900.0,9024.197111111109,710.8365734475739
CHEMBL231669,CCCCS(=O)(=O)C[C@@H](NC(=O)C1CC1)C(=O)N[C@@H](Cc1cc(F)cc(F)c1)[C@H](O)CNCc1cccc(CC)c1,10.0,308.91200000000003,652.6709806880965
CHEMBL90043,CSCC[C@H](NC(=O)[C@@H](NC(C)=O)C(C)C)C(=O)N[C@@H](CC(C)C)C(O)C[C@H](C(=O)N[C@@H](C)C(=O)N[C@@H](CCC(=O)O)C(=O)N[C@@H](Cc1ccccc1)C(=O)O)C(C)C,20.0,15370.899666666668,707.2264708418178
CHEMBL253165,CCCCN(CCCC)S(=O)(=O)CCC(=O)N[C@@H](Cc1ccccc1)[C@H](O)CNCc1cccc(OC)c1,484.0,4938.5633333333335,676.4424882615992
CHEMBL206442,O=C(Nc1cc(Br)ccc1N1CCN(Cc2ccccc2)CC1)c1cc2ccccc2oc1=O,760.0,4031.2266666666665,698.6434726574283
CHEMBL247043,CCCC[C@H](N)[C@H](Cc1cc(F)cc(F)c1)NC(=O)c1cc(NCC2CC2C)nc(N(C)S(C)(=O)=O)c1,9.0,65.42,628.910327497296
CHEMBL298147,CC(C)CC(NC(=O)C(O)c1cccc(Oc2ccccc2)c1)[C@@H](O)CC(=O)N[C@@H](C(=O)N[C@H](C)C(=O)N[C@H](CCC(=O)O)C(=O)N[C@H](Cc1ccccc1)C(=O)O)C(C)C,6000.0,27814.057777777776,704.513543221606
CHEMBL399749,COc1cccc(CNC[C@@H](O)[C@H](Cc2ccccc2)NC(=O)CCCCS(=O)(=O)c2ccccc2)c1,20000.0,7111.106666666667,697.2377910722537
CHEMBL81218,CC(C)[C@H](NC(=O)[C@H](C)C[C@H](O)[C@H](Cc1ccccc1)NC(=O)[C@H](C)NC(=O)[C@H](CN(C)C)NC(=O)OC(C)(C)C)C(=O)NCc1ccncc1,2530.0,19203.993333333332,683.8642101504408
CHEMBL134730,CSCC[C@H](NC(=O)[C@@H](NC(=O)[C@@H](N)CCC(=O)O)C(C)C)C(=O)N[C@@H](CC(C)C)[C@@H](O)CC(=O)N[C@@H](CC(C)C)C(=O)N[C@@H](C)C(=O)N[C@@H](CCC(=O)O)C(=O)N[C@@H](Cc1ccccc1)C(=O)O,140.0,9777.407444444445,673.8506677316211
CHEMBL227758,CC(C)C[C@H](NC(=O)c1cc(C(=O)NCc2ccccc2)cc(N(C)S(C)(=O)=O)c1)[C@@H](O)C[C@@H](C)C(=O)N[C@H](C(=O)NC(C)C)C(C)C,5600.0,23861.67344444445,665.3940405904265
CHEMBL300657,CSCC[C@H](NC(=O)[C@@H](NC(=O)OC(C)(C)C)C(C)C)C(=O)NC(CC(C)C)[C@@H](O)CC(=O)N[C@@H](C(=O)NCc1cccc(C(=O)O)c1)C(C)C,4000.0,70782.17333333334,676.4671102106478
CHEMBL220396,COc1cncc(-c2cccc(CNc3cccnc3N)c2)c1,40000.0,73170.00616666667,714.6622773376215
CHEMBL253800,CCCC(CCC)S(=O)(=O)CC(NC(=O)OCc1ccccc1)C(=O)N[C@@H](Cc1ccccc1)[C@H](O)CNCc1cccc(OC)c1,112.0,1425.1681111111109,624.7043069216984
CHEMBL324109,CCC(C)C[C@H](NC(=O)[C@H](CC(C)C)NC(C)=O)[C@@H](O)CC(=O)NC(CCSC)[C@@H](O)CC(=O)N[C@H](C(=O)NCc1ccc(C(=O)O)cc1)C(C)C,460.0,24456.46761111112,696.3163935168724
CHEMBL301153,CO[C@H](C(=O)NC(CC(C)C)[C@@H](O)CC(=O)N[C@@H](C(=O)N[C@H](C)C(=O)N[C@H](CCC(=O)O)C(=O)N[C@H](Cc1ccccc1)C(=O)O)C(C)C)c1ccccc1,28000.0,30680.326666666668,684.7141970650637
CHEMBL234762,CCCC(CCC)S(=O)(=O)C[C@@H](NC(=O)c1ccccc1)C(=O)N[C@@H](Cc1cc(F)cc(F)c1)[C@H](O)CNCc1cccc(CC)c1,495.0,48.37,594.8456252059403
CHEMBL2370886,CCC(O)[C@H](NC(=O)[C@@H](N)CCCN)C(=O)N[C@@H](CCC(=O)O)C(=O)N[C@@H](CCC(=O)O)C(=O)N[C@H](C(=O)N[C@@H](CO)C(=O)N[C@@H](CCC(=O)O)C(=O)N[C@H](C(=O)N[C@@H](CCSC)C(=O)N[C@@H](CC(C)C)[C@@H](O)CC(=O)N[C@H](C(=O)N[C@@H](C)C(=O)N[C@@H](CCC(=O)O)C(=O)N[C@@H](Cc1ccccc1)C(=O)O)C(C)C)C(C)C)[C@@H](C)CC,30.0,45035.97888888888,706.04866164105
CHEMBL1791010,CC[C@H](C)[C@H](NC(C)=O)C(=O)N[C@@H](CCSC)C(=O)N[C@@H](CC(C)C)[C@@H](O)CC(=O)N[C@@H](Cc1ccc(O)cc1)C(=O)NCc1cccc(C(=O)O)c1,91.0,3601.3927777777776,673.191028179297
CHEMBL192836,CCCCNC(=O)[C@H](C)NC(=O)[C@@H]1CCC[C@H]1[C@H](O)[C@H](CC(C)C)NC(=O)[C@H](CCSC)NC(=O)[C@H](CC(C)C)NC(C)=O,185.0,5773.36,684.1376326578161
CHEMBL288919,CC(C)C[C@H](NC(=O)[C@@H](NC(=O)[C@@H](N)CCC(=O)O)C(C)C)C(=O)N[C@@H](Cc1ccccc1)[C@@H](O)C(=O)Nc1cc(C(=O)O)cc(C(=O)O)c1,55.0,5303.53083333332,639.2678548068478
CHEMBL212873,O=C(Nc1cc(Br)ccc1N1CCOCC1)c1cc2ccccc2oc1=O,10000.0,15126.024666666668,704.7002265096484
CHEMBL377548,CCCCNC(=O)[C@H](C)C[C@H](O)[C@@H]1COC/C=C/CSC[C@H](NC(=O)OC(C)(C)C)C(=O)N[C@@H](C)C(=O)N1,510.0,10711.850555555555,732.1283908618343
CHEMBL437961,COc1cccc(CNC[C@@H](O)[C@H](Cc2ccccc2)NC(=O)CCS(=O)(=O)c2ccccc2)c1,5214.0,7990.5633333333335,673.7928254721435
CHEMBL254626,Cc1cccc(C(=O)N[C@@H](Cc2cc(F)cc(F)c2)[C@H](O)CNCc2cccc(I)c2)c1,4100.0,945.5546111111111,695.5642596880102
CHEMBL401008,COC[C@H](N)[C@H](Cc1ccccc1)NC(=O)c1cc(N(C)C[C@H]2C[C@@H]2C)nc(N(C)S(=O)(=O)C(C)C)c1,24.0,205.17333333333335,650.8159453984126
CHEMBL2370121,CC[C@H](C)[C@H](NC(=O)[C@H](CCC(=O)O)NC(=O)[C@H](CCC(=O)O)NC(=O)[C@@H](NC(=O)[C@@H](N)CCCCN)[C@@H](C)O)C(=O)N[C@@H](CO)C(=O)N[C@@H](CCC(=O)O)C(=O)N[C@H](C(=O)N[C@@H](CC(N)=O)C(=O)N[C@@H](CC(C)C)[C@@H](O)CC(=O)N[C@@H](C)C(=O)N[C@@H](C)C(=O)N[C@@H](CCC(=O)O)C(=O)N[C@@H](Cc1ccccc1)C(=O)O)C(C)C,500.0,102696.59912554116,720.2817030128372
CHEMBL212578,O=C(Nc1cc(-c2ccccc2)ccc1N1CCN(Cc2ccccc2)CC1)c1cc2ccccc2oc1=O,151.0,2773.616444444445,689.2047450896204
CHEMBL392361,CN(c1cc2cc(n1)NCCCCc1cccc(c1)C[C@@](C)(N)C(=O)OC2)S(C)(=O)=O,400.0,13133.16,686.6927200068633
CHEMBL393850,CC1CC1CNc1cc(C(=O)N[C@H](CN)Cc2ccccc2)cc(N(C)S(C)(=O)=O)n1,34.0,3973.622777777778,660.5448958691643
CHEMBL208060,CC(C)C[C@H](NC(=O)[C@@H](NC(=O)[C@@H](N)CNC(=O)c1nn[nH]n1)C(C)C)C(=O)N[C@@H](Cc1ccccc1)[C@@H](O)C(=O)Nc1cccc(-c2noc(S)n2)c1,6.4,984.9639999999973,690.8114592882913
CHEMBL201049,C=C(c1ccccc1)c1cc(C(=O)N[C@@H](Cc2ccccc2)[C@H](O)CNC2CC2)cc(N(C)S(C)(=O)=O)c1,1300.0,6262.9225,685.1148677028543
CHEMBL364446,CSCC[C@H](NC(=O)[C@H](CC(C)C)NC(C)=O)C(=O)N[C@@H](CC(C)C)[C@@H](O)[C@@H]1CCC[C@H]1C(=O)N[C@H](C(=O)O)C(C)C,190.0,7947.965444444444,681.7205139932743
CHEMBL183494,CC(C)C[C@H](NC(=O)[C@@H](NC(=O)[C@@H](N)CNC(=O)c1nn[nH]n1)C(C)C)C(=O)N[C@@H](Cc1ccccc1)[C@@H](O)C(=O)Nc1cccc(C(=O)O)c1,8.2,189.783666666667,647.9856711833904
CHEMBL440612,CC[C@H](C)[C@H](NC(=O)[C@H](CCC(=O)O)NC(=O)[C@H](CCC(=O)O)NC(=O)[C@@H](NC(=O)[C@H](CCCCN)NC(=O)[C@@H](NC(=O)[C@H](CC(N)=O)NC(=O)[C@@H](N)[C@@H](C)O)[C@@H](C)CC)[C@@H](C)O)C(=O)N[C@@H](CO)C(=O)N[C@@H](CCC(=O)O)C(=O)N[C@H](C(=O)N[C@@H](CC(N)=O)C(=O)NCC(=O)N[C@@H](CC(=O)O)C(=O)N[C@@H](C)C(=O)N[C@@H](CCC(=O)O)C(=O)N[C@@H](Cc1ccccc1)C(=O)N[C@@H](CCCN=C(N)N)C(=O)O)C(C)C,200000.0,179322.889,740.6275057293561
CHEMBL201730,CN(c1cc(/C=C\C2CC2)cc(C(=O)N[C@@H](Cc2ccccc2)[C@H](O)CNC2CC2)c1)S(C)(=O)=O,35.0,2960.45,671.1046083213807
CHEMBL2303749,O=C(O[C@@H]1O[C@@H]2COC(=O)c3cc(O)c(O)c(O)c3-c3c(cc(O)c(O)c3O)C(=O)OO[C@H]([C@H]1O)[C@@H]2O)c1cc(O)c(O)c(O)c1,160000.0,34971.22333333333,714.866703855784
CHEMBL209052,COc1cccc2cc(C(=O)Nc3cc(Br)ccc3N3CCN(CCO)CC3)c(=O)oc12,1000.0,4607.899777777778,705.1185567972924
CHEMBL1790644,CC[C@H](C)[C@H](O)C(=O)N[C@@H](C)C(=O)N[C@@H](Cc1ccccc1)[C@@H](O)C[C@@H](C)C(=O)N[C@H](C(=O)NCc1ccncc1)C(C)C,35.0,406.2411111111111,623.8584734776688
CHEMBL397275,CCCN(CCC)C(=O)c1cc(C)cc(C(=O)N[C@@H](Cc2cc(F)cc(F)c2)[C@H](O)CNCc2cccc(CC)c2)c1,2.0,47.16777777777777,589.0186874900896
CHEMBL443239,CCCN(CCC)C(=O)c1cccc(C(=O)N[C@@H](Cc2ccccc2)[C@H](O)CNCc2cccc(OC)c2)c1,500.0,936.9091666666667,611.6924773588854
CHEMBL399362,C[C@@]1(N)Cc2cccc(c2)CC[C@H](c2ccc(F)cc2)NC(=O)c2cc(cc(-c3cccc(F)c3C#N)c2)COC1=O,22.0,2973.8193333333334,694.7738680481009
CHEMBL332260,CC(=O)N[C@@H](CC(C)C)C(=O)N[C@@H](Cc1ccccc1)[C@@H](O)CC(=O)N[C@@H](CC1CCCCC1)[C@@H](O)CC(=O)N[C@H](C(=O)NCc1ccc(C(=O)O)cc1)C(C)C,50.0,17377.957333333332,686.6901697211866
CHEMBL254625,CCCN(CCC)C(=O)c1cccc(C(=O)N[C@@H](Cc2ccccc2)[C@H](O)CNCc2cccc(I)c2)c1,310.0,801.9532777777777,681.2801698880461
CHEMBL361977,CC(C)C[C@H](NC(=O)[C@@H]1CC(=O)NCCCCCOC(=O)N[C@@H](C(C)C)C(=O)N1)[C@@H](O)C[C@@H](C)C(=O)N[C@H](C(=O)NCc1ccccc1)C(C)C,3900.0,18658.882111111114,712.3016173789102
CHEMBL50827,CSCC[C@H](NC(=O)[C@@H](NC(=O)OC(C)(C)C)C(C)C)C(=O)NC(CC(C)C)[C@@H](O)CC(=O)N[C@@H](C(=O)NO)C(C)C,94000.0,86665.55666666667,693.6257616138058
CHEMBL409948,CCCCS(=O)(=O)C[C@@H](NC(=O)SC1CCOC1)C(=O)N[C@@H](Cc1cc(F)cc(F)c1)[C@H](O)CNCc1cccc(CC)c1,15.0,13573.245333333334,685.9285951111168
CHEMBL213300,CCCCNC(=O)[C@H](C)C[C@H](O)[C@@H]1CSC/C=C/CS[C@H]2CNCC[C@H]2C(=O)N[C@@H](C)C(=O)N1,10000.0,9479.133333333333,727.5772554057163
CHEMBL210451,CC(C)(C)OC(=O)N1CCN(c2ccc(-c3ccccc3)cc2NC(=O)c2cc3ccccc3oc2=O)CC1,10000.0,1063.9253333333334,695.5269158926437
CHEMBL378897,CCCCNC(=O)[C@H](C)C[C@H](O)[C@@H]1CSC/C=C/CSC[C@H](NC(=O)OC(C)(C)C)C(=O)N[C@@H](C)C(=O)N1,1300.0,8845.554444444446,727.2184574879176
CHEMBL217068,N=C(N)NC(=O)Cn1c(-c2ccccc2)ccc1-c1ccccc1,3700.0,10562.512666666667,698.1830544976478
CHEMBL410405,CC[C@H](C)[C@H](NC(=O)[C@H](CCC(=O)O)NC(=O)[C@H](CCC(=O)O)NC(=O)[C@@H](NC(=O)[C@H](CCCCN)NC(=O)[C@@H](NC(=O)[C@H](CC(N)=O)NC(=O)[C@@H](N)[C@@H](C)O)[C@@H](C)CC)[C@@H](C)O)C(=O)N[C@@H](CO)C(=O)N[C@@H](CCC(=O)O)C(=O)N[C@H](C(=O)N[C@@H](CC(N)=O)C(=O)N[C@@H](CCC(=O)O)C(=O)N[C@@H](CC(=O)O)C(=O)N[C@@H](C)C(=O)N[C@@H](CCC(=O)O)C(=O)N[C@@H](Cc1ccccc1)C(=O)N[C@@H](CCCN=C(N)N)C(=O)O)C(C)C,200000.0,194337.33333333337,751.1889818447883
CHEMBL254633,CC(=O)c1ccccc1-c1cc(C(=O)N[C@@H](Cc2ccccc2)[C@H](O)CNC2CCC2)cc(C(=O)N[C@H](C)c2ccccc2)c1,1400.0,1855.3216666666667,637.4717303134485
CHEMBL426153,CC[C@H](C)[C@H](NC(=O)[C@H](CCC(=O)O)NC(=O)[C@H](CCC(=O)O)NC(=O)[C@@H](NC(=O)[C@H](CCCCN)NC(=O)[C@@H](NC(=O)[C@H](CC(N)=O)NC(=O)[C@@H](N)[C@@H](C)O)[C@@H](C)CC)[C@@H](C)O)C(=O)N[C@@H](CO)C(=O)N[C@@H](CCC(=O)O)C(=O)N[C@H](C(=O)N[C@@H](CC(N)=O)C(=O)N[C@@H](Cc1c[nH]cn1)C(=O)N[C@@H](CC(=O)O)C(=O)N[C@@H](C)C(=O)N[C@@H](CCC(=O)O)C(=O)N[C@@H](Cc1ccccc1)C(=O)N[C@@H](CCCN=C(N)N)C(=O)O)C(C)C,200000.0,191950.77000000002,734.424630812247
CHEMBL248699,CCCN(c1cc2cc(c1)C(=O)N[C@@H](c1ccccc1)CCc1cccc(c1)C[C@@](C)(N)COC2)S(C)(=O)=O,17.0,8317.776666666667,642.7468108495596
CHEMBL235753,Cn1c(N)nc(CCc2cccc(-c3cccnc3)c2)cc1=O,24000.0,48403.46333333333,712.1457976418664
CHEMBL387771,CC(C)C[C@H](NC(=O)c1cc(C(=O)N[C@H](C)c2ccccc2)cc(N(C)S(C)(=O)=O)c1)[C@@H](O)C[C@@H](C)C(=O)N[C@H](C(=O)NC(C)C)C(C)C,39.0,35540.06255555555,640.8490380051043
CHEMBL208903,O=C(Nc1cc(-c2ccccc2)ccc1N1CCN(CC[C@@H](O)c2ccccc2)CC1)c1cccc2ccccc12,46.0,3470.793777777778,692.7228890011908
CHEMBL222794,C[C@@H](NC(=O)c1cc(OCC(=O)NCCCCCN)cc(-c2ccccc2C#N)c1)c1ccccc1,21000.0,32400.564919191922,693.6821461835701
CHEMBL327545,CSCC[C@H](NC(=O)[C@@H](NC(C)=O)C(C)C)C(=O)NC(CC(C)C)C(O)CC(=O)N[C@H](C(=O)N[C@@H](C)C(=O)O)C(C)C,100000.0,17732.94111111111,694.9293866210547
CHEMBL200715,Oc1cc(O)c2c(c1)O[C@@H](c1ccc(O)c(O)c1)[C@H](O)C2,30000.0,27654.414444444436,730.0432844171041
CHEMBL205217,CC(C)C[C@H](NC(=O)[C@@H](NC(=O)[C@@H](N)CCC(=O)O)C(C)C)C(=O)N[C@@H](Cc1ccccc1)[C@@H](O)C(=O)Nc1cc(-c2nn[nH]n2)cc(-c2nn[nH]n2)c1,6.4,7654.680999999998,653.8258777513887
CHEMBL190644,CCOCCCNC(=O)c1cc(NC(=O)Nc2cccc(Cl)c2)ccc1N(C)C,97.0,15477.584444444428,711.6208958987594
CHEMBL413728,CC[C@H](C)[C@H](NC(=O)[C@H](CCC(=O)O)NC(=O)[C@H](CCC(=O)O)NC(=O)[C@@H](NC(=O)[C@H](CCCCN)NC(=O)[C@@H](NC(=O)[C@H](CC(N)=O)NC(=O)[C@@H](N)[C@@H](C)O)[C@@H](C)CC)[C@@H](C)O)C(=O)N[C@@H](CO)C(=O)N[C@@H](CCC(=O)O)C(=O)N[C@H](C(=O)N[C@@H](CC(N)=O)C(=O)N[C@@H](C)C(=O)N[C@@H](CC(=O)O)C(=O)N[C@@H](C)C(=O)N[C@@H](CCC(=O)O)C(=O)N[C@@H](Cc1ccccc1)C(=O)N[C@@H](CCCN=C(N)N)C(=O)O)C(C)C,200000.0,194337.33333333337,751.1889818447883
CHEMBL218846,C[C@@H](NC(=O)c1cc(C(=O)NC(CO)(CO)Cc2ccccc2)cc(N(C)S(C)(=O)=O)c1)c1ccc(F)cc1,2700.0,7322.506666666667,664.5062711059753
CHEMBL406089,CC[C@H](C)[C@H](NC(=O)[C@H](CCC(=O)O)NC(=O)[C@H](CCC(=O)O)NC(=O)[C@@H](NC(=O)[C@H](CCCCN)NC(=O)[C@@H](NC(=O)[C@H](CC(N)=O)NC(=O)[C@@H](N)[C@@H](C)O)[C@@H](C)CC)[C@@H](C)O)C(=O)N[C@@H](CO)C(=O)N[C@@H](CCC(=O)O)C(=O)N[C@H](C(=O)N[C@@H](CC(N)=O)C(=O)N[C@@H](CC(C)C)C(=O)N[C@@H](CCCCN)C(=O)N[C@@H](C)C(=O)N[C@@H](CCC(=O)O)C(=O)N[C@@H](Cc1ccccc1)C(=O)N[C@@H](CCCN=C(N)N)C(=O)O)C(C)C,40000.0,70834.51370851368,749.8967600507141
CHEMBL370801,CN(c1cc(/C=C/C2CC2)cc(C(=O)N[C@@H](Cc2ccccc2)[C@H](O)CNC2CC2)c1)S(C)(=O)=O,730.0,2960.45,671.1046083213807
CHEMBL230245,CC(C)S(=O)(=O)N(C)c1cc(C(=O)N[C@@H](Cc2ccccc2)[C@@H](N)CF)cc(NC[C@H]2C[C@@H]2C)n1,2.0,65.58533333333332,670.9792711127636
CHEMBL89530,CSCC[C@H](NC(=O)[C@@H](NC(C)=O)C(C)C)C(=O)N[C@@H](Cc1ccccc1)C(O)CC(=O)N[C@H](C(=O)N[C@@H](C)C(=O)N[C@@H](CCC(=O)O)C(=O)N[C@@H](Cc1ccccc1)C(=O)O)C(C)C,500.0,7130.013055555555,681.2022309241565
CHEMBL381272,O=C(Nc1cc(Br)ccc1N1CCNCC1)c1cc(=O)c2ccccc2o1.O=C(O)C(F)(F)F,1600.0,2533.7544444444443,711.2356459353464
CHEMBL312956,CC(C)[C@H](O)C(=O)N[C@H](C(=O)N[C@@H](Cc1ccccc1)[C@@H](O)C[C@@H](C)C(=O)N[C@H](C(=O)NCc1ccncc1)C(C)C)C(C)C,4640.0,1359.4063333333334,608.9247014533446
CHEMBL437918,CC[C@H](C)[C@H](NC(=O)[C@H](CCC(=O)O)NC(=O)[C@H](CCC(=O)O)NC(=O)[C@@H](NC(=O)[C@H](CCCCN)NC(=O)[C@@H](NC(=O)[C@H](CC(N)=O)NC(=O)[C@@H](N)[C@@H](C)O)[C@@H](C)CC)[C@@H](C)O)C(=O)N[C@@H](CO)C(=O)N[C@@H](CCC(=O)O)C(=O)N[C@H](C(=O)N[C@@H](CC(N)=O)C(=O)N[C@@H](CC(C)C)C(=O)NCC(=O)N[C@@H](C)C(=O)N[C@@H](CCC(=O)O)C(=O)N[C@@H](Cc1ccccc1)C(=O)N[C@@H](CCCN=C(N)N)C(=O)O)C(C)C,119000.0,70489.46307359304,734.4900108783394
CHEMBL230190,CCCN(CCC)C(=O)c1cc(CC#N)cc(C(=O)N[C@@H](Cc2ccccc2)[C@H](O)CNCc2cccc(OC)c2)c1,360.0,240.91,632.7135041337367
CHEMBL406146,CC(C)C[C@H](NC(=O)[C@@H](NC(=O)[C@@H](N)CCC(=O)O)C(C)C)C(=O)N[C@@H](Cc1ccccc1)[C@@H](O)C(=O)N[C@@H](CC(=O)O)C(=O)N[C@@H](C)C(=O)N[C@@H](CCC(=O)O)C(=O)N[C@@H](Cc1ccccc1)C(=O)O,413.0,7121.656111111111,652.2582434554824
CHEMBL142715,c1ccc(-c2ccc(COc3ccc4c(c3)CCC(CCN3CCCCC3)C4)cc2)cc1,350.0,90339.51100000003,701.5406293532118
CHEMBL251118,C[C@@]1(N)Cc2cccc(c2)CC[C@H](c2ccccc2)NC(=O)c2cc(Br)cc(c2)COC1=O,270.0,3444.222222222222,665.4036440871772
CHEMBL84835,CC(C)CC(=O)N[C@@H](C)C(=O)N[C@@H](Cc1ccccc1)[C@@H](O)C[C@@H](C)C(=O)N[C@H](C(=O)NCc1ccncc1)C(C)C,1740.0,11580.366666666667,671.4547343814077
CHEMBL237889,Cn1c(N)nc(CCc2ccc3ccccc3c2)cc1=O,28000.0,134646.89,714.8977621105826
CHEMBL412768,CC[C@H](C)[C@H](NC(=O)[C@H](CCC(=O)O)NC(=O)[C@H](CCC(=O)O)NC(=O)[C@@H](NC(=O)[C@@H](N)CCCCN)[C@@H](C)O)C(=O)N[C@@H](CO)C(=O)N[C@@H](CCC(=O)O)C(=O)N[C@H](C(=O)N[C@@H](CC(N)=O)C(=O)N[C@@H](CC(C)C)[C@@H](O)CC(=O)N[C@H](C(=O)N[C@@H](C)C(=O)N[C@@H](CCC(=O)O)C(=O)N[C@@H](Cc1ccccc1)C(=O)O)C(C)C)C(C)C,30.0,102680.66579220783,717.508336822072
CHEMBL315706,CC(=O)N[C@H](C(=O)N[C@@H](CC(N)=O)C(=O)NC(CC(C)C)C(O)CC(=O)N[C@H](C(=O)N[C@@H](C)C(=O)N[C@@H](CCC(=O)O)C(=O)N[C@@H](Cc1ccccc1)C(=O)O)C(C)C)C(C)C,500.0,19064.854555555557,686.1478203905166
CHEMBL392564,CN(c1cc2cc(c1)C(C(F)(F)F)N[C@@H](c1ccccc1)CCc1cccc(c1)C[C@@](C)(N)C(=O)OC2)S(C)(=O)=O,3700.0,1859.621333333333,688.386009738315
CHEMBL237284,CCCNC(=O)c1ccc(-c2scc(-c3ccccc3Cl)c2CC(=O)/N=C(/N)NCCCO)cc1,260.0,473.8666666666667,685.9853277914435
CHEMBL231862,CCCC(CCC)S(=O)(=O)C[C@@H](NC(=O)c1cccnc1)C(=O)N[C@@H](Cc1cc(F)cc(F)c1)[C@H](O)CNCc1cccc(CC)c1,1.0,367.11,650.4799640759587
CHEMBL137101,CC(=O)N[C@@H](CC(C)C)C(=O)N[C@@H](C)C(=O)N[C@@H](CC(C)C)[C@@H](O)CC(=O)N[C@H](C(=O)NCc1cccc(C(=O)O)c1)C(C)C,520.0,68099.59694444445,664.2699253410224
CHEMBL54022,CSCC[C@H](NC(=O)[C@@H](NC(=O)OC(C)(C)C)C(C)C)C(=O)NC(CC(C)C)[C@@H](O)CC(=O)N[C@@H](C(=O)NCCC(=O)O)C(C)C,30000.0,75888.34666666666,709.2712081994337
CHEMBL137131,CC(C)C[C@H](NC(=O)[C@@H](N)CC(N)=O)[C@@H](O)CC(=O)N[C@H](C(=O)N[C@@H](C)C(=O)N[C@@H](CCC(=O)O)C(=O)N[C@@H](Cc1ccccc1)C(=O)O)C(C)C,91000.0,95504.851,678.5247941855752
CHEMBL332713,CC(C)[C@H](NC(=O)C[C@H](O)[C@H](CC1CCCCC1)NC(=O)C[C@H](O)[C@@H](N)Cc1ccccc1)C(=O)NCc1ccc(C(=O)O)cc1,100000.0,33684.33355555555,702.8565107369185
CHEMBL205333,CC(C)C[C@H](NC(=O)[C@@H](NC(=O)[C@@H](N)CNC(=O)c1nn[nH]n1)C(C)C)C(=O)N[C@@H](Cc1ccccc1)[C@@H](O)C(=O)Nc1cccc(-c2noc(O)n2)c1,6.6,1077.5716666666651,698.8408230685941
CHEMBL201155,CN(c1cc(CCC2CC2)cc(C(=O)N[C@@H](Cc2ccccc2)[C@H](O)CNC2CC2)c1)S(C)(=O)=O,420.0,3640.9618333333333,678.1459296123122
CHEMBL114169,CC(C)[C@H](NC(=O)C[C@H](O)[C@H](CC1CCCCC1)NC(=O)C[C@H](O)[C@H](Cc1ccccc1)NC(=O)[C@@H]1CCCN1)C(=O)NCc1ccc(C(=O)O)cc1,1300.0,26722.85422222222,703.8748446667032
CHEMBL185920,CSCC[C@@H](NC(=O)[C@H](CC(C)C)NC(C)=O)C(=O)N[C@@H](CC(C)C)[C@@H](O)CC(=O)N[C@H](C(=O)NCc1cccc(C(=O)O)c1)C(C)C,91000.0,43214.772777777776,676.2389567793215
CHEMBL2114169,CC(C)[C@H](NC(=O)OC(C)(C)C)C(=O)N[C@H](C)C(=O)N[C@@H](Cc1ccccc1)[C@@H](O)C[C@@H](C)C(=O)N[C@H](C(=O)NCc1ccncc1)C(C)C,1058.0,434.86,619.4865741986512
CHEMBL398839,CCCN(c1cc2cc(c1)C(=O)N[C@@H](C1CC1)CCc1cccc(c1)C[C@@](C)(N)COC2)S(C)(=O)=O,1100.0,2275.5593333333336,684.0336515068618
CHEMBL1791018,CCCC[C@H](NC(=O)C[C@H](O)[C@H](CC(C)C)NC(=O)[C@H](CCSC)NC(=O)[C@@H](NC(C)=O)[C@@H](C)CC)C(=O)NCc1cccc(C(=O)O)c1,86.0,4905.087222222222,670.51562168689
CHEMBL309884,CC(C)C[C@H](NC(=O)OC(C)(C)C)C(=O)N[C@@H](C)C(=O)N[C@@H](Cc1ccccc1)[C@@H](O)C[C@@H](C)C(=O)N[C@H](C(=O)NCc1ccncc1)C(C)C,63.0,3479.307666666667,618.7800743701152
CHEMBL2370091,CC[C@H](C)[C@H](NC(=O)[C@H](CCC(=O)O)NC(=O)[C@H](CCC(=O)O)NC(=O)[C@@H](NC(=O)[C@H](CCCCN)NC(=O)[C@@H](NC(=O)[C@H](CC(N)=O)NC(=O)[C@@H](N)[C@@H](C)O)[C@@H](C)CC)[C@@H](C)O)C(=O)N[C@@H](CO)C(=O)N[C@@H](CCC(=O)O)C(=O)N[C@H](C(=O)N[C@@H](CC(N)=O)C(=O)N[C@H](C(=O)N[C@@H](CC(=O)O)C(=O)N[C@@H](C)C(=O)N[C@@H](CCC(=O)O)C(=O)N[C@@H](Cc1ccccc1)C(=O)N[C@@H](CCCN=C(N)N)C(=O)O)[C@@H](C)O)C(C)C,200000.0,194337.33333333337,751.1889818447883
CHEMBL251310,C[C@@]1(N)Cc2ccc(F)c(c2)CC[C@H](c2ccc(F)cc2)NC(=O)c2cc(cc(-c3ccccc3C#N)c2)COC1=O,46.0,11025.836666666666,699.7532355424315
CHEMBL401318,CC(=O)c1ccccc1-c1cc(C(=O)N[C@@H](Cc2ccccc2)[C@H](O)CN[C@@H](C)c2ccccc2)cc(C(=O)N[C@H](C)c2ccccc2)c1,115.0,640.7683333333333,652.4540570664324
